[{"model": "contenttypes.contenttype", "fields": {"app_label": "admin", "model": "logentry"}}, {"model": "contenttypes.contenttype", "fields": {"app_label": "auth", "model": "permission"}}, {"model": "contenttypes.contenttype", "fields": {"app_label": "auth", "model": "group"}}, {"model": "contenttypes.contenttype", "fields": {"app_label": "auth", "model": "user"}}, {"model": "contenttypes.contenttype", "fields": {"app_label": "contenttypes", "model": "contenttype"}}, {"model": "contenttypes.contenttype", "fields": {"app_label": "sessions", "model": "session"}}, {"model": "contenttypes.contenttype", "fields": {"app_label": "users", "model": "userprofile"}}, {"model": "contenttypes.contenttype", "fields": {"app_label": "residentInfo", "model": "resident"}}, {"model": "contenttypes.contenttype", "fields": {"app_label": "residentInfo", "model": "family"}}, {"model": "contenttypes.contenttype", "fields": {"app_label": "patientInfo", "model": "pastmedicalhistory"}}, {"model": "contenttypes.contenttype", "fields": {"app_label": "patientInfo", "model": "vaccination"}}, {"model": "contenttypes.contenttype", "fields": {"app_label": "patientInfo", "model": "vitalsigns"}}, {"model": "contenttypes.contenttype", "fields": {"app_label": "patientInfo", "model": "patient"}}, {"model": "contenttypes.contenttype", "fields": {"app_label": "patientInfo", "model": "presentillness"}}, {"model": "contenttypes.contenttype", "fields": {"app_label": "patientInfo", "model": "medicalrecord"}}, {"model": "contenttypes.contenttype", "fields": {"app_label": "patientInfo", "model": "medicinetracking"}}, {"model": "contenttypes.contenttype", "fields": {"app_label": "medicineMonitoring", "model": "medicine"}}, {"model": "contenttypes.contenttype", "fields": {"app_label": "medicineMonitoring", "model": "medicinestock"}}, {"model": "contenttypes.contenttype", "fields": {"app_label": "scheduledcheckup", "model": "scheduledcheckup"}}, {"model": "contenttypes.contenttype", "fields": {"app_label": "logs", "model": "logs"}}, {"model": "contenttypes.contenttype", "fields": {"app_label": "patientInfo", "model": "vitalsignsrecord"}}, {"model": "sessions.session", "pk": "1gflw0vkdj8bu4bshr8k4d64qbj4ynju", "fields": {"session_data": ".eJxVjDsOwjAQBe_iGlmO4y8lPWewdr1rHECOFCcV4u4QKQW0b2beSyTY1pq2zkuaSJzFIE6_G0J-cNsB3aHdZpnnti4Tyl2RB-3yOhM_L4f7d1Ch12-tyCKM7HxQxNFEHSLl6ImUcjGARTs6ZKO9IwJnBl3AFMzFOKPQQxDvD-RdOBA:1tqPGx:vV3xsxjR3gIyM4H6AY7a8GrT068t1TJkz6ESD42ZNfA", "expire_date": "2025-03-21T04:25:19.863Z"}}, {"model": "sessions.session", "pk": "1wu0zqv83oa91p4u49bgofoi6byk5s39", "fields": {"session_data": ".eJxVjDsOwjAQBe_iGlmO4y8lPWewdr1rHECOFCcV4u4QKQW0b2beSyTY1pq2zkuaSJzFIE6_G0J-cNsB3aHdZpnnti4Tyl2RB-3yOhM_L4f7d1Ch12-tyCKM7HxQxNFEHSLl6ImUcjGARTs6ZKO9IwJnBl3AFMzFOKPQQxDvD-RdOBA:1tq42r:AzSdBnvkE2_-3GJjmT1OZw7bLwyh4y0xpfGbErdVhP8", "expire_date": "2025-03-20T05:45:21.197Z"}}, {"model": "sessions.session", "pk": "2zxq7nl68ougwnd3ksmow4x5zixscyp2", "fields": {"session_data": ".eJxVjDsOwjAQBe_iGln4twZK-pzB2vWucQA5UpxUiLtDpBTQvpl5L5VwXWpau8xpZHVRXh1-N8L8kLYBvmO7TTpPbZlH0puid9r1MLE8r7v7d1Cx129dCPAoaAJYD2CCc8aKgIHIFsTROVrKAVFORnJwgFSYMcTg2BcqRb0_3544ig:1tkYpG:pvnCNmLE0tSJCjbw8pad2g62HshfRem_7mwBcdUWebU", "expire_date": "2025-03-05T01:24:34.359Z"}}, {"model": "sessions.session", "pk": "4cgg8kpvnsccw4nczo182zghj9jsaclu", "fields": {"session_data": ".eJxVjDsOwyAQBe9CHSHMZ4GU6X0GtLAQnERYMnYV5e6xJRdJ-2bmvVnAba1h63kJE7Erk5pdfseI6ZnbQeiB7T7zNLd1mSI_FH7SzseZ8ut2un8HFXvd60xeu4wkKYGkgkZoGMAK65QVxivjIpQCbvfIRx-lAjtESFaCApORfb4J2DfJ:1ttU2x:bCRM43aodkP0eHWDn-rIrdeDHnQXlAQWxo1a4XYos8k", "expire_date": "2025-03-29T16:07:35.169Z"}}, {"model": "sessions.session", "pk": "blsro7mzh7342z0hznbuys5qyh1nbmko", "fields": {"session_data": ".eJxVjMEOgjAQRP-lZ9NAC3Tr0Tvf0Gy7u4KaNqFwMv67kHDQ48x7M28VcFunsFVewkzqqoxVl98yYnpyPgg9MN-LTiWvyxz1oeiTVj0W4tftdP8OJqzTvk5I3gK7oSVujO3FsJMe0EkrzZ52ZtEPtmmhxygAHXoBMkOXrPdM6vMFDnQ4Jg:1tupYK:pykWwNUabla3pYYFtMJrJ7HbUMZrmo4u3gBn6ViMgvc", "expire_date": "2025-04-02T09:17:32.747Z"}}, {"model": "sessions.session", "pk": "cyr1xpo4depi1wdg3u05ipa380x8plgp", "fields": {"session_data": ".eJxVjDsOwjAQBe_iGlmO4y8lPWewdr1rHECOFCcV4u4QKQW0b2beSyTY1pq2zkuaSJzFIE6_G0J-cNsB3aHdZpnnti4Tyl2RB-3yOhM_L4f7d1Ch12-tyCKM7HxQxNFEHSLl6ImUcjGARTs6ZKO9IwJnBl3AFMzFOKPQQxDvD-RdOBA:1tpkid:d0uUBTFIck0hU2rHWYGtwusTGw6W07a3Qbj8xx4gqOM", "expire_date": "2025-03-19T09:07:11.157Z"}}, {"model": "sessions.session", "pk": "h0s98tr15trrsg3j1v158cfxhejwo0rm", "fields": {"session_data": "e30:1tkC0V:WuMECRaimj70bwgZFllO0HMu6meMnzbRC5viQWWaj-4", "expire_date": "2025-03-04T01:02:39.673Z"}}, {"model": "sessions.session", "pk": "haijc98y52j13nxoo5yqo8zx27kkabay", "fields": {"session_data": ".eJxVjDsOwjAQBe_iGlmO4y8lPWewdr1rHECOFCcV4u4QKQW0b2beSyTY1pq2zkuaSJzFIE6_G0J-cNsB3aHdZpnnti4Tyl2RB-3yOhM_L4f7d1Ch12-tyCKM7HxQxNFEHSLl6ImUcjGARTs6ZKO9IwJnBl3AFMzFOKPQQxDvD-RdOBA:1tlpxY:-cE4Ej6vPDAG9sLv-zcTklg6A598-dN-zXdvubHdht4", "expire_date": "2025-03-08T13:54:24.319Z"}}, {"model": "sessions.session", "pk": "qv5bjw737bmz1hif590mz2x2qa4275iu", "fields": {"session_data": ".eJxVjEEOgjAURO_StWlKLbS6dM8Zmvn9vxY1kFBYGe8uJCx0OfPezFtFrEuJa5U5Dqyuyhp1-i0J6SnjTviB8T7pNI3LPJDeFX3QqvuJ5XU73L-Dglq2NUlA5izwLsMgiPNgal1wwjlRw1tEG6QJPgmlDobOsJ13ZBprL1Z9vmMLOaI:1ts9PP:QpY4utXGNf4PglQi8l_Fvv00DGyVC8FjmqW_qbP71G8", "expire_date": "2025-03-25T23:53:15.210Z"}}, {"model": "sessions.session", "pk": "via7vdmhqdc75bpv93pn00ond32p1k99", "fields": {"session_data": ".eJxVjDkOwjAUBe_iGllJvMSmpOcM1t9MAsiW4qRC3B0ipYD2zcx7qQTbOqWtyZJmVmfVB3X6HRHoIWUnfIdyq5pqWZcZ9a7ogzZ9rSzPy-H-HUzQpm8tXR6NRRwIAsHg7RB7jI59NhEYHSKMwSJ0FLyYaHs2nrMZmUQkZKfeHyhaOTA:1tshYt:BydfJAQwqlYNjZMU12pA7wwD0fXBqETKpwWWfr4HH78", "expire_date": "2025-03-27T12:21:19.508Z"}}, {"model": "sessions.session", "pk": "xg237u1tjnpzt4qmtyppwxtjl61yyvye", "fields": {"session_data": ".eJxVjDsOwjAQBe_iGlmO4y8lPWewdr1rHECOFCcV4u4QKQW0b2beSyTY1pq2zkuaSJzFIE6_G0J-cNsB3aHdZpnnti4Tyl2RB-3yOhM_L4f7d1Ch12-tyCKM7HxQxNFEHSLl6ImUcjGARTs6ZKO9IwJnBl3AFMzFOKPQQxDvD-RdOBA:1tpPns:1kRWI1uQ47mT8JlTrjY3D58HAYn7FvSrVoZFskysBuQ", "expire_date": "2025-03-18T10:47:12.537Z"}}, {"model": "residentInfo.family", "pk": "F1", "fields": {"date_updated": "2025-02-22T14:11:03.684Z"}}, {"model": "residentInfo.family", "pk": "F100", "fields": {"date_updated": "2025-03-07T12:56:49.150Z"}}, {"model": "residentInfo.family", "pk": "F101", "fields": {"date_updated": "2025-03-07T13:11:39.361Z"}}, {"model": "residentInfo.family", "pk": "F102", "fields": {"date_updated": "2025-03-10T10:35:19.126Z"}}, {"model": "residentInfo.family", "pk": "F103", "fields": {"date_updated": "2025-03-15T10:31:37.360Z"}}, {"model": "residentInfo.family", "pk": "F11", "fields": {"date_updated": "2025-02-22T14:12:30.363Z"}}, {"model": "residentInfo.family", "pk": "F18", "fields": {"date_updated": "2025-02-22T14:12:30.413Z"}}, {"model": "residentInfo.family", "pk": "F21", "fields": {"date_updated": "2025-02-22T14:12:30.510Z"}}, {"model": "residentInfo.family", "pk": "F25", "fields": {"date_updated": "2025-02-22T14:12:30.538Z"}}, {"model": "residentInfo.family", "pk": "F31", "fields": {"date_updated": "2025-02-22T14:12:30.582Z"}}, {"model": "residentInfo.family", "pk": "F33", "fields": {"date_updated": "2025-02-22T14:12:30.600Z"}}, {"model": "residentInfo.family", "pk": "F41", "fields": {"date_updated": "2025-02-22T14:12:30.660Z"}}, {"model": "residentInfo.family", "pk": "F46", "fields": {"date_updated": "2025-02-22T14:12:30.735Z"}}, {"model": "residentInfo.family", "pk": "F56", "fields": {"date_updated": "2025-02-22T14:12:30.805Z"}}, {"model": "residentInfo.family", "pk": "F6", "fields": {"date_updated": "2025-02-22T14:12:30.326Z"}}, {"model": "residentInfo.family", "pk": "F62", "fields": {"date_updated": "2025-02-22T14:12:30.869Z"}}, {"model": "residentInfo.family", "pk": "F67", "fields": {"date_updated": "2025-02-22T14:12:30.907Z"}}, {"model": "residentInfo.family", "pk": "F72", "fields": {"date_updated": "2025-02-22T14:12:30.945Z"}}, {"model": "residentInfo.family", "pk": "F77", "fields": {"date_updated": "2025-02-22T14:12:30.984Z"}}, {"model": "residentInfo.family", "pk": "F85", "fields": {"date_updated": "2025-02-22T14:12:31.060Z"}}, {"model": "residentInfo.family", "pk": "F91", "fields": {"date_updated": "2025-02-22T14:12:31.105Z"}}, {"model": "residentInfo.family", "pk": "F96", "fields": {"date_updated": "2025-02-22T14:12:31.143Z"}}, {"model": "residentInfo.family", "pk": "F97", "fields": {"date_updated": "2025-03-07T12:44:43.294Z"}}, {"model": "residentInfo.family", "pk": "F98", "fields": {"date_updated": "2025-03-07T12:53:54.174Z"}}, {"model": "residentInfo.family", "pk": "F99", "fields": {"date_updated": "2025-03-07T12:54:55.959Z"}}, {"model": "residentInfo.resident", "pk": "R1", "fields": {"family": "F1", "last_name": "GARCIA", "first_name": "JUAN", "middle_name": "DELA CRUZ", "relationship_to_head": "HEAD OF THE FAMILY", "birthdate": "1980-03-13", "age": 44, "civil_status": "MARRIED", "gender": "Male", "category": "Adult", "present_address": "SITIO 2, BARANGAY SAN JOSE CORNER BONI AVENUE, MANDALUYONG CITY", "contact_number": "9123456765", "date_updated": "2025-03-15T10:59:33.344Z"}}, {"model": "residentInfo.resident", "pk": "R100", "fields": {"family": "F96", "last_name": "BAUTISTA", "first_name": "JOVAN", "middle_name": "PEREZ", "relationship_to_head": "SON", "birthdate": "2000-01-01", "age": 5, "civil_status": "SINGLE", "gender": "Male", "category": "Children", "present_address": "PRINCETON STREET, BARANGAY SAN JOSE, MANDALUYONG CITY", "contact_number": "9171234576", "date_updated": "2025-02-22T14:12:31.174Z"}}, {"model": "residentInfo.resident", "pk": "R104", "fields": {"family": "F102", "last_name": "Lobo", "first_name": "Robert", "middle_name": "Bondok", "relationship_to_head": "Head of the Family", "birthdate": "2024-10-09", "age": 25, "civil_status": "Single", "gender": "Male", "category": "Adult", "present_address": "142 V. Baltazar St.", "contact_number": "09155831161", "date_updated": "2025-03-10T10:35:19.132Z"}}, {"model": "residentInfo.resident", "pk": "R11", "fields": {"family": "F11", "last_name": "PASCUAL", "first_name": "ANTHONY", "middle_name": "VILLANUEVA", "relationship_to_head": "HEAD OF THE FAMILY", "birthdate": "2000-01-01", "age": 54, "civil_status": "MARRIED", "gender": "Male", "category": "Adult", "present_address": "P. CRUZ STREET, BARANGAY SAN JOSE, MANDALUYONG CITY", "contact_number": "9125674839", "date_updated": "2025-02-22T14:12:30.368Z"}}, {"model": "residentInfo.resident", "pk": "R12", "fields": {"family": "F11", "last_name": "PASCUAL", "first_name": "FELISA", "middle_name": "ALVARADO", "relationship_to_head": "SPOUSE", "birthdate": "2000-01-01", "age": 49, "civil_status": "MARRIED", "gender": "Female", "category": "Adult", "present_address": "P. CRUZ STREET, BARANGAY SAN JOSE, MANDALUYONG CITY", "contact_number": "9125674840", "date_updated": "2025-02-22T14:12:30.375Z"}}, {"model": "residentInfo.resident", "pk": "R13", "fields": {"family": "F11", "last_name": "PASCUAL", "first_name": "MIGUELLA", "middle_name": "ALVARADO", "relationship_to_head": "DAUGHTER", "birthdate": "2000-01-01", "age": 25, "civil_status": "SINGLE", "gender": "Female", "category": "Solo Parent", "present_address": "P. CRUZ STREET, BARANGAY SAN JOSE, MANDALUYONG CITY", "contact_number": "9125674841", "date_updated": "2025-02-22T14:12:30.382Z"}}, {"model": "residentInfo.resident", "pk": "R14", "fields": {"family": "F11", "last_name": "PASCUAL", "first_name": "BEATRIZ", "middle_name": "ALVARADO", "relationship_to_head": "DAUGHTER", "birthdate": "2000-01-01", "age": 22, "civil_status": "SINGLE", "gender": "Female", "category": "Pregnant", "present_address": "P. CRUZ STREET, BARANGAY SAN JOSE, MANDALUYONG CITY", "contact_number": "9125674842", "date_updated": "2025-02-22T14:12:30.388Z"}}, {"model": "residentInfo.resident", "pk": "R15", "fields": {"family": "F11", "last_name": "PASCUAL", "first_name": "CELSO", "middle_name": "RAMIREZ", "relationship_to_head": "FATHER", "birthdate": "2000-01-01", "age": 75, "civil_status": "MARRIED", "gender": "Male", "category": "Senior", "present_address": "P. CRUZ STREET, BARANGAY SAN JOSE, MANDALUYONG CITY", "contact_number": "9125674843", "date_updated": "2025-02-22T14:12:30.394Z"}}, {"model": "residentInfo.resident", "pk": "R16", "fields": {"family": "F11", "last_name": "PASCUAL", "first_name": "IBARRA", "middle_name": "PASCUAL", "relationship_to_head": "BROTHER", "birthdate": "2000-01-01", "age": 44, "civil_status": "SINGLE", "gender": "Male", "category": "Adult", "present_address": "P. CRUZ STREET, BARANGAY SAN JOSE, MANDALUYONG CITY", "contact_number": "9125674844", "date_updated": "2025-02-22T14:12:30.402Z"}}, {"model": "residentInfo.resident", "pk": "R17", "fields": {"family": "F11", "last_name": "PASCUAL", "first_name": "NENA", "middle_name": "CUENCA", "relationship_to_head": "MOTHER", "birthdate": "2000-01-01", "age": 73, "civil_status": "MARRIED", "gender": "Female", "category": "Senior", "present_address": "P. CRUZ STREET, BARANGAY SAN JOSE, MANDALUYONG CITY", "contact_number": "9125674845", "date_updated": "2025-02-22T14:12:30.408Z"}}, {"model": "residentInfo.resident", "pk": "R18", "fields": {"family": "F18", "last_name": "MENDOZA", "first_name": "RAMON", "middle_name": "GARCIA", "relationship_to_head": "HEAD OF THE FAMILY", "birthdate": "2000-01-01", "age": 44, "civil_status": "MARRIED", "gender": "Male", "category": "Adult", "present_address": "I. LOPEZ STREET, BARANGAY SAN JOSE, MANDALUYONG CITY", "contact_number": "9122334455", "date_updated": "2025-02-22T14:12:30.418Z"}}, {"model": "residentInfo.resident", "pk": "R19", "fields": {"family": "F18", "last_name": "MENDOZA", "first_name": "LUCIA", "middle_name": "FLORES", "relationship_to_head": "SPOUSE", "birthdate": "2000-01-01", "age": 41, "civil_status": "MARRIED", "gender": "Female", "category": "Adult", "present_address": "I. LOPEZ STREET, BARANGAY SAN JOSE, MANDALUYONG CITY", "contact_number": "9122334456", "date_updated": "2025-02-22T14:12:30.424Z"}}, {"model": "residentInfo.resident", "pk": "R2", "fields": {"family": "F1", "last_name": "GARCIA", "first_name": "MARIA", "middle_name": "SANTOS", "relationship_to_head": "SPOUSE", "birthdate": "1982-06-10", "age": 42, "civil_status": "MARRIED", "gender": "Female", "category": "Adult", "present_address": "SITIO 2, BARANGAY SAN JOSE CORNER BONI AVENUE, MANDALUYONG CITY", "contact_number": "9123456788", "date_updated": "2025-03-15T10:59:28.061Z"}}, {"model": "residentInfo.resident", "pk": "R20", "fields": {"family": "F18", "last_name": "MENDOZA", "first_name": "CARLO", "middle_name": "FLORES", "relationship_to_head": "SON", "birthdate": "2000-01-01", "age": 19, "civil_status": "SINGLE", "gender": "Male", "category": "Adult", "present_address": "I. LOPEZ STREET, BARANGAY SAN JOSE, MANDALUYONG CITY", "contact_number": "9122334457", "date_updated": "2025-02-22T14:12:30.430Z"}}, {"model": "residentInfo.resident", "pk": "R21", "fields": {"family": "F21", "last_name": "DELOS SANTOS", "first_name": "ROBERTO", "middle_name": "HERNANDEZ", "relationship_to_head": "HEAD OF THE FAMILY", "birthdate": "2000-01-01", "age": 50, "civil_status": "MARRIED", "gender": "Male", "category": "Adult", "present_address": "BALLESTEROS STREET, BARANGAY SAN JOSE, MANDALUYONG CITY", "contact_number": "9124456789", "date_updated": "2025-02-22T14:12:30.515Z"}}, {"model": "residentInfo.resident", "pk": "R22", "fields": {"family": "F21", "last_name": "DELOS SANTOS", "first_name": "TERESITA", "middle_name": "LOPEZ", "relationship_to_head": "SPOUSE", "birthdate": "2000-01-01", "age": 46, "civil_status": "MARRIED", "gender": "Female", "category": "Adult", "present_address": "BALLESTEROS STREET, BARANGAY SAN JOSE, MANDALUYONG CITY", "contact_number": "9124456788", "date_updated": "2025-02-22T14:12:30.520Z"}}, {"model": "residentInfo.resident", "pk": "R23", "fields": {"family": "F21", "last_name": "DELOS SANTOS", "first_name": "ANALIZA", "middle_name": "GARCIA", "relationship_to_head": "DAUGHTER", "birthdate": "2000-01-01", "age": 24, "civil_status": "SINGLE", "gender": "Female", "category": "Pregnant", "present_address": "BALLESTEROS STREET, BARANGAY SAN JOSE, MANDALUYONG CITY", "contact_number": "9124456787", "date_updated": "2025-02-22T14:12:30.526Z"}}, {"model": "residentInfo.resident", "pk": "R24", "fields": {"family": "F21", "last_name": "DELOS SANTOS", "first_name": "MARCUS", "middle_name": "RAMOS", "relationship_to_head": "SON", "birthdate": "2000-01-01", "age": 19, "civil_status": "SINGLE", "gender": "Male", "category": "Adult", "present_address": "BALLESTEROS STREET, BARANGAY SAN JOSE, MANDALUYONG CITY", "contact_number": "9124456786", "date_updated": "2025-02-22T14:12:30.533Z"}}, {"model": "residentInfo.resident", "pk": "R25", "fields": {"family": "F25", "last_name": "VILLANUEVA", "first_name": "OSCAR", "middle_name": "BAUTISTA", "relationship_to_head": "HEAD OF THE FAMILY", "birthdate": "2000-01-01", "age": 51, "civil_status": "MARRIED", "gender": "Male", "category": "Adult", "present_address": "F. ORTIGAS STREET, BARANGAY SAN JOSE, MANDALUYONG CITY", "contact_number": "9123456779", "date_updated": "2025-02-22T14:12:30.543Z"}}, {"model": "residentInfo.resident", "pk": "R26", "fields": {"family": "F25", "last_name": "VILLANUEVA", "first_name": "ELISA", "middle_name": "GARCIA", "relationship_to_head": "SPOUSE", "birthdate": "2000-01-01", "age": 48, "civil_status": "MARRIED", "gender": "Female", "category": "Adult", "present_address": "F. ORTIGAS STREET, BARANGAY SAN JOSE, MANDALUYONG CITY", "contact_number": "9123456778", "date_updated": "2025-02-22T14:12:30.549Z"}}, {"model": "residentInfo.resident", "pk": "R27", "fields": {"family": "F25", "last_name": "VILLANUEVA", "first_name": "CLARA", "middle_name": "GARCIA", "relationship_to_head": "DAUGHTER", "birthdate": "2000-01-01", "age": 24, "civil_status": "SINGLE", "gender": "Female", "category": "Pregnant", "present_address": "F. ORTIGAS STREET, BARANGAY SAN JOSE, MANDALUYONG CITY", "contact_number": "9123456777", "date_updated": "2025-02-22T14:12:30.556Z"}}, {"model": "residentInfo.resident", "pk": "R28", "fields": {"family": "F25", "last_name": "VILLANUEVA", "first_name": "CAMILO", "middle_name": "GARCIA", "relationship_to_head": "SON", "birthdate": "2000-01-01", "age": 21, "civil_status": "SINGLE", "gender": "Male", "category": "Adult", "present_address": "F. ORTIGAS STREET, BARANGAY SAN JOSE, MANDALUYONG CITY", "contact_number": "9123456776", "date_updated": "2025-02-22T14:12:30.563Z"}}, {"model": "residentInfo.resident", "pk": "R29", "fields": {"family": "F25", "last_name": "VILLANUEVA", "first_name": "TOMAS", "middle_name": "MORALES", "relationship_to_head": "FATHER", "birthdate": "2000-01-01", "age": 54, "civil_status": "MARRIED", "gender": "Male", "category": "Adult", "present_address": "F. ORTIGAS STREET, BARANGAY SAN JOSE, MANDALUYONG CITY", "contact_number": "9123456775", "date_updated": "2025-02-22T14:12:30.570Z"}}, {"model": "residentInfo.resident", "pk": "R3", "fields": {"family": "F1", "last_name": "GARCIA", "first_name": "PEDRO", "middle_name": "SANTOS", "relationship_to_head": "SON", "birthdate": "2010-01-20", "age": 15, "civil_status": "SINGLE", "gender": "Male", "category": "Children", "present_address": "SITIO 2, BARANGAY SAN JOSE CORNER BONI AVENUE, MANDALUYONG CITY", "contact_number": "9123456787", "date_updated": "2025-03-15T10:59:28.069Z"}}, {"model": "residentInfo.resident", "pk": "R30", "fields": {"family": "F25", "last_name": "VILLANUEVA", "first_name": "PILAR", "middle_name": "SANTOS", "relationship_to_head": "MOTHER", "birthdate": "2000-01-01", "age": 52, "civil_status": "MARRIED", "gender": "Female", "category": "Adult", "present_address": "F. ORTIGAS STREET, BARANGAY SAN JOSE, MANDALUYONG CITY", "contact_number": "9123456774", "date_updated": "2025-02-22T14:12:30.577Z"}}, {"model": "residentInfo.resident", "pk": "R31", "fields": {"family": "F31", "last_name": "NAVARRO", "first_name": "RAFAEL", "middle_name": "SANTOS", "relationship_to_head": "HEAD OF THE FAMILY", "birthdate": "2000-01-01", "age": 42, "civil_status": "MARRIED", "gender": "Male", "category": "Adult", "present_address": "L. GONZALES STREET, BARANGAY SAN JOSE, MANDALUYONG CITY", "contact_number": "9121234567", "date_updated": "2025-02-22T14:12:30.588Z"}}, {"model": "residentInfo.resident", "pk": "R32", "fields": {"family": "F31", "last_name": "NAVARRO", "first_name": "DONNA", "middle_name": "FERNANDEZ", "relationship_to_head": "SPOUSE", "birthdate": "2000-01-01", "age": 39, "civil_status": "MARRIED", "gender": "Female", "category": "Adult", "present_address": "L. GONZALES STREET, BARANGAY SAN JOSE, MANDALUYONG CITY", "contact_number": "9121234568", "date_updated": "2025-02-22T14:12:30.594Z"}}, {"model": "residentInfo.resident", "pk": "R33", "fields": {"family": "F33", "last_name": "LOPEZ", "first_name": "EMILIO", "middle_name": "CALLEJA", "relationship_to_head": "HEAD OF THE FAMILY", "birthdate": "2000-01-01", "age": 54, "civil_status": "MARRIED", "gender": "Male", "category": "Adult", "present_address": "DR. JOSE FABELLA STREET, BARANGAY SAN JOSE, MANDALUYONG CITY", "contact_number": "9123456769", "date_updated": "2025-02-22T14:12:30.605Z"}}, {"model": "residentInfo.resident", "pk": "R34", "fields": {"family": "F33", "last_name": "LOPEZ", "first_name": "ANITA", "middle_name": "REYES", "relationship_to_head": "SPOUSE", "birthdate": "2000-01-01", "age": 51, "civil_status": "MARRIED", "gender": "Female", "category": "Adult", "present_address": "DR. JOSE FABELLA STREET, BARANGAY SAN JOSE, MANDALUYONG CITY", "contact_number": "9123456768", "date_updated": "2025-02-22T14:12:30.611Z"}}, {"model": "residentInfo.resident", "pk": "R35", "fields": {"family": "F33", "last_name": "LOPEZ", "first_name": "MARK", "middle_name": "REYES", "relationship_to_head": "SON", "birthdate": "2000-01-01", "age": 24, "civil_status": "SINGLE", "gender": "Male", "category": "Adult", "present_address": "DR. JOSE FABELLA STREET, BARANGAY SAN JOSE, MANDALUYONG CITY", "contact_number": "9123456767", "date_updated": "2025-02-22T14:12:30.617Z"}}, {"model": "residentInfo.resident", "pk": "R36", "fields": {"family": "F33", "last_name": "LOPEZ", "first_name": "ANTONETTE", "middle_name": "REYES", "relationship_to_head": "DAUGHTER", "birthdate": "2000-01-01", "age": 21, "civil_status": "SINGLE", "gender": "Female", "category": "Adult", "present_address": "DR. JOSE FABELLA STREET, BARANGAY SAN JOSE, MANDALUYONG CITY", "contact_number": "9123456766", "date_updated": "2025-02-22T14:12:30.625Z"}}, {"model": "residentInfo.resident", "pk": "R37", "fields": {"family": "F33", "last_name": "LOPEZ", "first_name": "MATEO", "middle_name": "REYES", "relationship_to_head": "SON", "birthdate": "2000-01-01", "age": 18, "civil_status": "SINGLE", "gender": "Male", "category": "Adult", "present_address": "DR. JOSE FABELLA STREET, BARANGAY SAN JOSE, MANDALUYONG CITY", "contact_number": "9123456765", "date_updated": "2025-02-22T14:12:30.633Z"}}, {"model": "residentInfo.resident", "pk": "R38", "fields": {"family": "F33", "last_name": "LOPEZ", "first_name": "ISABEL", "middle_name": "REYES", "relationship_to_head": "DAUGHTER", "birthdate": "2000-01-01", "age": 14, "civil_status": "SINGLE", "gender": "Female", "category": "Children", "present_address": "DR. JOSE FABELLA STREET, BARANGAY SAN JOSE, MANDALUYONG CITY", "contact_number": "9123456784", "date_updated": "2025-02-22T14:12:30.640Z"}}, {"model": "residentInfo.resident", "pk": "R39", "fields": {"family": "F33", "last_name": "LOPEZ", "first_name": "JAVIER", "middle_name": "REYES", "relationship_to_head": "BROTHER", "birthdate": "2000-01-01", "age": 39, "civil_status": "SINGLE", "gender": "Male", "category": "Solo Parent", "present_address": "DR. JOSE FABELLA STREET, BARANGAY SAN JOSE, MANDALUYONG CITY", "contact_number": "9123456783", "date_updated": "2025-02-22T14:12:30.645Z"}}, {"model": "residentInfo.resident", "pk": "R40", "fields": {"family": "F33", "last_name": "LOPEZ", "first_name": "ANDRES", "middle_name": "RAMIREZ", "relationship_to_head": "FATHER", "birthdate": "2000-01-01", "age": 79, "civil_status": "WIDOW/ER", "gender": "Male", "category": "Senior", "present_address": "DR. JOSE FABELLA STREET, BARANGAY SAN JOSE, MANDALUYONG CITY", "contact_number": "9123456782", "date_updated": "2025-02-22T14:12:30.653Z"}}, {"model": "residentInfo.resident", "pk": "R41", "fields": {"family": "F41", "last_name": "DELA CRUZ", "first_name": "ALEJANDRO", "middle_name": "SANTOS", "relationship_to_head": "HEAD OF THE FAMILY", "birthdate": "2000-01-01", "age": 44, "civil_status": "MARRIED", "gender": "Male", "category": "Adult", "present_address": "SAN JOSE STREET, BARANGAY SAN JOSE, MANDALUYONG CITY", "contact_number": "9123556780", "date_updated": "2025-02-22T14:12:30.665Z"}}, {"model": "residentInfo.resident", "pk": "R42", "fields": {"family": "F41", "last_name": "DELA CRUZ", "first_name": "MILDRED", "middle_name": "GONZALES", "relationship_to_head": "SPOUSE", "birthdate": "2000-01-01", "age": 41, "civil_status": "MARRIED", "gender": "Female", "category": "Adult", "present_address": "SAN JOSE STREET, BARANGAY SAN JOSE, MANDALUYONG CITY", "contact_number": "9125456772", "date_updated": "2025-02-22T14:12:30.710Z"}}, {"model": "residentInfo.resident", "pk": "R43", "fields": {"family": "F41", "last_name": "DELA CRUZ", "first_name": "LOUIE", "middle_name": "GONZALES", "relationship_to_head": "SON", "birthdate": "2000-01-01", "age": 8, "civil_status": "SINGLE", "gender": "Male", "category": "Children", "present_address": "SAN JOSE STREET, BARANGAY SAN JOSE, MANDALUYONG CITY", "contact_number": "9123556780", "date_updated": "2025-02-22T14:12:30.716Z"}}, {"model": "residentInfo.resident", "pk": "R44", "fields": {"family": "F41", "last_name": "DELA CRUZ", "first_name": "SOFIA", "middle_name": "GONZALES", "relationship_to_head": "DAUGHTER", "birthdate": "2000-01-01", "age": 5, "civil_status": "SINGLE", "gender": "Female", "category": "Children", "present_address": "SAN JOSE STREET, BARANGAY SAN JOSE, MANDALUYONG CITY", "contact_number": "9123556780", "date_updated": "2025-02-22T14:12:30.722Z"}}, {"model": "residentInfo.resident", "pk": "R45", "fields": {"family": "F41", "last_name": "DELA CRUZ", "first_name": "PAULO", "middle_name": "GONZALES", "relationship_to_head": "SON", "birthdate": "2000-01-01", "age": 2, "civil_status": "SINGLE", "gender": "Male", "category": "Children", "present_address": "SAN JOSE STREET, BARANGAY SAN JOSE, MANDALUYONG CITY", "contact_number": "9123556780", "date_updated": "2025-02-22T14:12:30.729Z"}}, {"model": "residentInfo.resident", "pk": "R46", "fields": {"family": "F46", "last_name": "REYES", "first_name": "CARLOS", "middle_name": "LOPEZ", "relationship_to_head": "HEAD OF THE FAMILY", "birthdate": "2000-01-01", "age": 49, "civil_status": "MARRIED", "gender": "Male", "category": "Adult", "present_address": "PARADA STREET, BARANGAY SAN JOSE, MANDALUYONG CITY", "contact_number": "9123456772", "date_updated": "2025-02-22T14:12:30.740Z"}}, {"model": "residentInfo.resident", "pk": "R47", "fields": {"family": "F46", "last_name": "REYES", "first_name": "ELENA", "middle_name": "MORALES", "relationship_to_head": "SPOUSE", "birthdate": "2000-01-01", "age": 46, "civil_status": "MARRIED", "gender": "Female", "category": "Adult", "present_address": "PARADA STREET, BARANGAY SAN JOSE, MANDALUYONG CITY", "contact_number": "9123456773", "date_updated": "2025-02-22T14:12:30.745Z"}}, {"model": "residentInfo.resident", "pk": "R48", "fields": {"family": "F46", "last_name": "REYES", "first_name": "ISABELLA", "middle_name": "MORALES", "relationship_to_head": "DAUGHTER", "birthdate": "2000-01-01", "age": 15, "civil_status": "SINGLE", "gender": "Female", "category": "Children", "present_address": "PARADA STREET, BARANGAY SAN JOSE, MANDALUYONG CITY", "contact_number": "9123456281", "date_updated": "2025-02-22T14:12:30.752Z"}}, {"model": "residentInfo.resident", "pk": "R49", "fields": {"family": "F46", "last_name": "REYES", "first_name": "MARK", "middle_name": "ANTHONY MORALES", "relationship_to_head": "SON", "birthdate": "2000-01-01", "age": 10, "civil_status": "SINGLE", "gender": "Male", "category": "Children", "present_address": "PARADA STREET, BARANGAY SAN JOSE, MANDALUYONG CITY", "contact_number": "9123456772", "date_updated": "2025-02-22T14:12:30.759Z"}}, {"model": "residentInfo.resident", "pk": "R50", "fields": {"family": "F46", "last_name": "REYES", "first_name": "SOPHIA", "middle_name": "MORALES", "relationship_to_head": "DAUGHTER", "birthdate": "2000-01-01", "age": 8, "civil_status": "SINGLE", "gender": "Female", "category": "Children", "present_address": "PARADA STREET, BARANGAY SAN JOSE, MANDALUYONG CITY", "contact_number": "9123456772", "date_updated": "2025-02-22T14:12:30.767Z"}}, {"model": "residentInfo.resident", "pk": "R51", "fields": {"family": "F46", "last_name": "REYES", "first_name": "TOMMY", "middle_name": "MORALES", "relationship_to_head": "SON", "birthdate": "2000-01-01", "age": 5, "civil_status": "SINGLE", "gender": "Male", "category": "Children", "present_address": "PARADA STREET, BARANGAY SAN JOSE, MANDALUYONG CITY", "contact_number": "9123456772", "date_updated": "2025-02-22T14:12:30.773Z"}}, {"model": "residentInfo.resident", "pk": "R52", "fields": {"family": "F46", "last_name": "REYES", "first_name": "ALBERT", "middle_name": "MORALES", "relationship_to_head": "SON", "birthdate": "2000-01-01", "age": 2, "civil_status": "SINGLE", "gender": "Male", "category": "Children", "present_address": "PARADA STREET, BARANGAY SAN JOSE, MANDALUYONG CITY", "contact_number": "9123456772", "date_updated": "2025-02-22T14:12:30.778Z"}}, {"model": "residentInfo.resident", "pk": "R53", "fields": {"family": "F46", "last_name": "REYES", "first_name": "JOSEFINA", "middle_name": "NAVARRO", "relationship_to_head": "MOTHER", "birthdate": "2000-01-01", "age": 74, "civil_status": "MARRIED", "gender": "Female", "category": "Senior", "present_address": "PARADA STREET, BARANGAY SAN JOSE, MANDALUYONG CITY", "contact_number": "9124456782", "date_updated": "2025-02-22T14:12:30.785Z"}}, {"model": "residentInfo.resident", "pk": "R54", "fields": {"family": "F46", "last_name": "REYES", "first_name": "GREGORIO", "middle_name": "FERNANDEZ", "relationship_to_head": "FATHER", "birthdate": "2000-01-01", "age": 77, "civil_status": "MARRIED", "gender": "Male", "category": "Senior", "present_address": "PARADA STREET, BARANGAY SAN JOSE, MANDALUYONG CITY", "contact_number": "9123456781", "date_updated": "2025-02-22T14:12:30.792Z"}}, {"model": "residentInfo.resident", "pk": "R55", "fields": {"family": "F46", "last_name": "REYES", "first_name": "CRISTINA", "middle_name": "NAVARRO", "relationship_to_head": "SISTER", "birthdate": "2000-01-01", "age": 42, "civil_status": "SINGLE", "gender": "Female", "category": "Pregnant", "present_address": "PARADA STREET, BARANGAY SAN JOSE, MANDALUYONG CITY", "contact_number": "9123456780", "date_updated": "2025-02-22T14:12:30.800Z"}}, {"model": "residentInfo.resident", "pk": "R56", "fields": {"family": "F56", "last_name": "JAVIER", "first_name": "RAMONA", "middle_name": "NAVAL", "relationship_to_head": "HEAD OF THE FAMILY", "birthdate": "2000-01-01", "age": 52, "civil_status": "WIDOW/ER", "gender": "Female", "category": "Solo Parent", "present_address": "A. BONIFACIO STREET, BARANGAY SAN JOSE, MANDALUYONG CITY", "contact_number": "9131234567", "date_updated": "2025-02-22T14:12:30.810Z"}}, {"model": "residentInfo.resident", "pk": "R57", "fields": {"family": "F56", "last_name": "AGUILAR", "first_name": "JOCELYN", "middle_name": "AGUILAR", "relationship_to_head": "SISTER", "birthdate": "2000-01-01", "age": 48, "civil_status": "SEPARATED", "gender": "Female", "category": "Adult", "present_address": "A. BONIFACIO STREET, BARANGAY SAN JOSE, MANDALUYONG CITY", "contact_number": "9131234568", "date_updated": "2025-02-22T14:12:30.817Z"}}, {"model": "residentInfo.resident", "pk": "R58", "fields": {"family": "F56", "last_name": "JAVIER", "first_name": "MICHAEL", "middle_name": "NAVAL", "relationship_to_head": "SON", "birthdate": "2000-01-01", "age": 21, "civil_status": "SINGLE", "gender": "Male", "category": "Adult", "present_address": "A. BONIFACIO STREET, BARANGAY SAN JOSE, MANDALUYONG CITY", "contact_number": "9131234569", "date_updated": "2025-02-22T14:12:30.823Z"}}, {"model": "residentInfo.resident", "pk": "R59", "fields": {"family": "F56", "last_name": "JAVIER", "first_name": "AMANDA", "middle_name": "NAVAL", "relationship_to_head": "DAUGHTER", "birthdate": "2000-01-01", "age": 17, "civil_status": "SINGLE", "gender": "Female", "category": "Children", "present_address": "A. BONIFACIO STREET, BARANGAY SAN JOSE, MANDALUYONG CITY", "contact_number": "9131234570", "date_updated": "2025-02-22T14:12:30.829Z"}}, {"model": "residentInfo.resident", "pk": "R6", "fields": {"family": "F6", "last_name": "DELOS REYES", "first_name": "JOSE", "middle_name": "FERNANDEZ", "relationship_to_head": "HEAD OF THE FAMILY", "birthdate": "2000-01-01", "age": 49, "civil_status": "MARRIED", "gender": "Male", "category": "Adult", "present_address": "PRIMO CRUZ STREET, BARANGAY SAN JOSE, MANDALUYONG CITY", "contact_number": "9123487654", "date_updated": "2025-03-08T14:50:16.815Z"}}, {"model": "residentInfo.resident", "pk": "R60", "fields": {"family": "F56", "last_name": "JAVIER", "first_name": "ANTONIO", "middle_name": "NAVAL", "relationship_to_head": "SON", "birthdate": "2000-01-01", "age": 12, "civil_status": "SINGLE", "gender": "Male", "category": "Children", "present_address": "A. BONIFACIO STREET, BARANGAY SAN JOSE, MANDALUYONG CITY", "contact_number": "9131234571", "date_updated": "2025-02-22T14:12:30.858Z"}}, {"model": "residentInfo.resident", "pk": "R61", "fields": {"family": "F56", "last_name": "JAVIER", "first_name": "JENNY", "middle_name": "NAVAL", "relationship_to_head": "DAUGHTER", "birthdate": "2000-01-01", "age": 8, "civil_status": "SINGLE", "gender": "Female", "category": "Children", "present_address": "A. BONIFACIO STREET, BARANGAY SAN JOSE, MANDALUYONG CITY", "contact_number": "9131234567", "date_updated": "2025-02-22T14:12:30.864Z"}}, {"model": "residentInfo.resident", "pk": "R62", "fields": {"family": "F62", "last_name": "SANTOS", "first_name": "ALFREDO", "middle_name": "DELA CRUZ", "relationship_to_head": "HEAD OF THE FAMILY", "birthdate": "2000-01-01", "age": 50, "civil_status": "MARRIED", "gender": "Male", "category": "Adult", "present_address": "PINAGTIPUNAN STREET, BARANGAY SAN JOSE, MANDALUYONG CITY", "contact_number": "9167654321", "date_updated": "2025-02-22T14:12:30.874Z"}}, {"model": "residentInfo.resident", "pk": "R63", "fields": {"family": "F62", "last_name": "SANTOS", "first_name": "ANNALIE", "middle_name": "GARCIA", "relationship_to_head": "SPOUSE", "birthdate": "2000-01-01", "age": 46, "civil_status": "MARRIED", "gender": "Female", "category": "Adult", "present_address": "PINAGTIPUNAN STREET, BARANGAY SAN JOSE, MANDALUYONG CITY", "contact_number": "9167654322", "date_updated": "2025-02-22T14:12:30.879Z"}}, {"model": "residentInfo.resident", "pk": "R64", "fields": {"family": "F62", "last_name": "SANTOS", "first_name": "DIANNE", "middle_name": "GARCIA", "relationship_to_head": "SON", "birthdate": "2000-01-01", "age": 23, "civil_status": "SINGLE", "gender": "Male", "category": "PWD", "present_address": "PINAGTIPUNAN STREET, BARANGAY SAN JOSE, MANDALUYONG CITY", "contact_number": "9167654323", "date_updated": "2025-02-22T14:12:30.887Z"}}, {"model": "residentInfo.resident", "pk": "R65", "fields": {"family": "F62", "last_name": "SANTOS", "first_name": "NICOLE", "middle_name": "GARCIA", "relationship_to_head": "DAUGHTER", "birthdate": "2000-01-01", "age": 17, "civil_status": "SINGLE", "gender": "Female", "category": "Children", "present_address": "PINAGTIPUNAN STREET, BARANGAY SAN JOSE, MANDALUYONG CITY", "contact_number": "9167654324", "date_updated": "2025-02-22T14:12:30.893Z"}}, {"model": "residentInfo.resident", "pk": "R66", "fields": {"family": "F62", "last_name": "SANTOS", "first_name": "JEROME", "middle_name": "GARCIA", "relationship_to_head": "SON", "birthdate": "2000-01-01", "age": 12, "civil_status": "SINGLE", "gender": "Male", "category": "Children", "present_address": "PINAGTIPUNAN STREET, BARANGAY SAN JOSE, MANDALUYONG CITY", "contact_number": "9167654325", "date_updated": "2025-02-22T14:12:30.901Z"}}, {"model": "residentInfo.resident", "pk": "R67", "fields": {"family": "F67", "last_name": "PEREZ", "first_name": "ANTHONETTE", "middle_name": "AQUINO", "relationship_to_head": "HEAD OF THE FAMILY", "birthdate": "2000-01-01", "age": 45, "civil_status": "SEPARATED", "gender": "Female", "category": "Adult", "present_address": "GEN. KALENTONG STREET, BARANGAY SAN JOSE, MANDALUYONG CITY", "contact_number": "9261234567", "date_updated": "2025-02-22T14:12:30.912Z"}}, {"model": "residentInfo.resident", "pk": "R68", "fields": {"family": "F67", "last_name": "AQUINO", "first_name": "HELENA", "middle_name": "GUTTIEREZ", "relationship_to_head": "MOTHER", "birthdate": "2000-01-01", "age": 62, "civil_status": "MARRIED", "gender": "Female", "category": "Senior", "present_address": "GEN. KALENTONG STREET, BARANGAY SAN JOSE, MANDALUYONG CITY", "contact_number": "9261234568", "date_updated": "2025-02-22T14:12:30.918Z"}}, {"model": "residentInfo.resident", "pk": "R69", "fields": {"family": "F67", "last_name": "PEREZ", "first_name": "ARIEL", "middle_name": "AQUINO", "relationship_to_head": "SON", "birthdate": "2000-01-01", "age": 19, "civil_status": "SINGLE", "gender": "Male", "category": "Adult", "present_address": "GEN. KALENTONG STREET, BARANGAY SAN JOSE, MANDALUYONG CITY", "contact_number": "9261234569", "date_updated": "2025-02-22T14:12:30.925Z"}}, {"model": "residentInfo.resident", "pk": "R7", "fields": {"family": "F6", "last_name": "DELOS REYES", "first_name": "LOURDES", "middle_name": "GOMEZ", "relationship_to_head": "SPOUSE", "birthdate": "2000-01-01", "age": 46, "civil_status": "MARRIED", "gender": "Female", "category": "Adult", "present_address": "PRIMO CRUZ STREET, BARANGAY SAN JOSE, MANDALUYONG CITY", "contact_number": "9123487653", "date_updated": "2025-02-22T14:12:30.338Z"}}, {"model": "residentInfo.resident", "pk": "R70", "fields": {"family": "F67", "last_name": "PEREZ", "first_name": "LIZA", "middle_name": "AQUINO", "relationship_to_head": "DAUGHTER", "birthdate": "2000-01-01", "age": 14, "civil_status": "SINGLE", "gender": "Female", "category": "Children", "present_address": "GEN. KALENTONG STREET, BARANGAY SAN JOSE, MANDALUYONG CITY", "contact_number": "9261234570", "date_updated": "2025-02-22T14:12:30.932Z"}}, {"model": "residentInfo.resident", "pk": "R71", "fields": {"family": "F67", "last_name": "PEREZ", "first_name": "DANIEL", "middle_name": "AQUINO", "relationship_to_head": "SON", "birthdate": "2000-01-01", "age": 9, "civil_status": "SINGLE", "gender": "Male", "category": "Children", "present_address": "GEN. KALENTONG STREET, BARANGAY SAN JOSE, MANDALUYONG CITY", "contact_number": "9261234571", "date_updated": "2025-02-22T14:12:30.939Z"}}, {"model": "residentInfo.resident", "pk": "R72", "fields": {"family": "F72", "last_name": "AQUINO", "first_name": "RONALDO", "middle_name": "FERNANDEZ", "relationship_to_head": "HEAD OF THE FAMILY", "birthdate": "2000-01-01", "age": 46, "civil_status": "MARRIED", "gender": "Male", "category": "Adult", "present_address": "STAR STREET, BARANGAY SAN JOSE, MANDALUYONG CITY", "contact_number": "9341234567", "date_updated": "2025-02-22T14:12:30.952Z"}}, {"model": "residentInfo.resident", "pk": "R73", "fields": {"family": "F72", "last_name": "AQUINO", "first_name": "LILIBETH", "middle_name": "LABRO", "relationship_to_head": "SPOUSE", "birthdate": "2000-01-01", "age": 44, "civil_status": "MARRIED", "gender": "Female", "category": "Adult", "present_address": "STAR STREET, BARANGAY SAN JOSE, MANDALUYONG CITY", "contact_number": "9341234568", "date_updated": "2025-02-22T14:12:30.958Z"}}, {"model": "residentInfo.resident", "pk": "R74", "fields": {"family": "F72", "last_name": "AQUINO", "first_name": "ANDREI", "middle_name": "LABRO", "relationship_to_head": "SON", "birthdate": "2000-01-01", "age": 21, "civil_status": "SINGLE", "gender": "Male", "category": "Adult", "present_address": "STAR STREET, BARANGAY SAN JOSE, MANDALUYONG CITY", "contact_number": "9341234569", "date_updated": "2025-02-22T14:12:30.964Z"}}, {"model": "residentInfo.resident", "pk": "R75", "fields": {"family": "F72", "last_name": "AQUINO", "first_name": "ANDREA", "middle_name": "LABRO", "relationship_to_head": "DAUGHTER", "birthdate": "2000-01-01", "age": 18, "civil_status": "SINGLE", "gender": "Female", "category": "PWD", "present_address": "STAR STREET, BARANGAY SAN JOSE, MANDALUYONG CITY", "contact_number": "9341234570", "date_updated": "2025-02-22T14:12:30.972Z"}}, {"model": "residentInfo.resident", "pk": "R76", "fields": {"family": "F72", "last_name": "AQUINO", "first_name": "ANDREW", "middle_name": "LABRO", "relationship_to_head": "SON", "birthdate": "2000-01-01", "age": 11, "civil_status": "SINGLE", "gender": "Male", "category": "Children", "present_address": "STAR STREET, BARANGAY SAN JOSE, MANDALUYONG CITY", "contact_number": "9341234567", "date_updated": "2025-02-22T14:12:30.978Z"}}, {"model": "residentInfo.resident", "pk": "R77", "fields": {"family": "F77", "last_name": "OCAMPO", "first_name": "EDUARDO", "middle_name": "CASTILLO", "relationship_to_head": "HEAD OF THE FAMILY", "birthdate": "2000-01-01", "age": 44, "civil_status": "MARRIED", "gender": "Male", "category": "Adult", "present_address": "MALAYA STREET, BARANGAY SAN JOSE, MANDALUYONG CITY", "contact_number": "9161234567", "date_updated": "2025-02-22T14:12:30.989Z"}}, {"model": "residentInfo.resident", "pk": "R78", "fields": {"family": "F77", "last_name": "OCAMPO", "first_name": "ANGELA", "middle_name": "ALVAREZ", "relationship_to_head": "SPOUSE", "birthdate": "2000-01-01", "age": 40, "civil_status": "MARRIED", "gender": "Female", "category": "Adult", "present_address": "MALAYA STREET, BARANGAY SAN JOSE, MANDALUYONG CITY", "contact_number": "9161234568", "date_updated": "2025-02-22T14:12:30.994Z"}}, {"model": "residentInfo.resident", "pk": "R79", "fields": {"family": "F77", "last_name": "OCAMPO", "first_name": "JOAQUIN", "middle_name": "ALVAREZ", "relationship_to_head": "SON", "birthdate": "2000-01-01", "age": 19, "civil_status": "SINGLE", "gender": "Male", "category": "Adult", "present_address": "MALAYA STREET, BARANGAY SAN JOSE, MANDALUYONG CITY", "contact_number": "9161234569", "date_updated": "2025-02-22T14:12:31.022Z"}}, {"model": "residentInfo.resident", "pk": "R8", "fields": {"family": "F6", "last_name": "DELOS REYES", "first_name": "MARCO", "middle_name": "GOMEZ", "relationship_to_head": "SON", "birthdate": "2000-01-01", "age": 15, "civil_status": "SINGLE", "gender": "Male", "category": "Children", "present_address": "PRIMO CRUZ STREET, BARANGAY SAN JOSE, MANDALUYONG CITY", "contact_number": "9123487652", "date_updated": "2025-02-22T14:12:30.344Z"}}, {"model": "residentInfo.resident", "pk": "R80", "fields": {"family": "F77", "last_name": "OCAMPO", "first_name": "CLARISSE", "middle_name": "ALVAREZ", "relationship_to_head": "DAUGHTER", "birthdate": "2000-01-01", "age": 16, "civil_status": "SINGLE", "gender": "Female", "category": "Children", "present_address": "MALAYA STREET, BARANGAY SAN JOSE, MANDALUYONG CITY", "contact_number": "9161234570", "date_updated": "2025-02-22T14:12:31.028Z"}}, {"model": "residentInfo.resident", "pk": "R81", "fields": {"family": "F77", "last_name": "OCAMPO", "first_name": "JACOB", "middle_name": "ALVAREZ", "relationship_to_head": "SON", "birthdate": "2000-01-01", "age": 14, "civil_status": "SINGLE", "gender": "Male", "category": "Children", "present_address": "MALAYA STREET, BARANGAY SAN JOSE, MANDALUYONG CITY", "contact_number": "9161234571", "date_updated": "2025-02-22T14:12:31.035Z"}}, {"model": "residentInfo.resident", "pk": "R82", "fields": {"family": "F77", "last_name": "OCAMPO", "first_name": "ALICIA", "middle_name": "ALVAREZ", "relationship_to_head": "DAUGHTER", "birthdate": "2000-01-01", "age": 11, "civil_status": "SINGLE", "gender": "Female", "category": "Children", "present_address": "MALAYA STREET, BARANGAY SAN JOSE, MANDALUYONG CITY", "contact_number": "9161234567", "date_updated": "2025-02-22T14:12:31.042Z"}}, {"model": "residentInfo.resident", "pk": "R83", "fields": {"family": "F77", "last_name": "OCAMPO", "first_name": "ISIDRO", "middle_name": "GUZMAN", "relationship_to_head": "FATHER", "birthdate": "2000-01-01", "age": 69, "civil_status": "MARRIED", "gender": "Male", "category": "Senior", "present_address": "MALAYA STREET, BARANGAY SAN JOSE, MANDALUYONG CITY", "contact_number": "9161234573", "date_updated": "2025-02-22T14:12:31.049Z"}}, {"model": "residentInfo.resident", "pk": "R84", "fields": {"family": "F77", "last_name": "OCAMPO", "first_name": "VICTORIA", "middle_name": "ALVARO", "relationship_to_head": "MOTHER", "birthdate": "2000-01-01", "age": 64, "civil_status": "MARRIED", "gender": "Female", "category": "Senior", "present_address": "MALAYA STREET, BARANGAY SAN JOSE, MANDALUYONG CITY", "contact_number": "9161234574", "date_updated": "2025-02-22T14:12:31.056Z"}}, {"model": "residentInfo.resident", "pk": "R85", "fields": {"family": "F85", "last_name": "SANTIAGO", "first_name": "PATRICK", "middle_name": "LEON", "relationship_to_head": "HEAD OF THE FAMILY", "birthdate": "2000-01-01", "age": 44, "civil_status": "MARRIED", "gender": "Male", "category": "Adult", "present_address": "C. FERNANDO STREET, BARANGAY SAN JOSE, MANDALUYONG CITY", "contact_number": "9171234561", "date_updated": "2025-02-22T14:12:31.065Z"}}, {"model": "residentInfo.resident", "pk": "R86", "fields": {"family": "F85", "last_name": "SANTIAGO", "first_name": "BEA", "middle_name": "LUNA", "relationship_to_head": "SPOUSE", "birthdate": "2000-01-01", "age": 41, "civil_status": "MARRIED", "gender": "Female", "category": "Adult", "present_address": "C. FERNANDO STREET, BARANGAY SAN JOSE, MANDALUYONG CITY", "contact_number": "9171234562", "date_updated": "2025-02-22T14:12:31.072Z"}}, {"model": "residentInfo.resident", "pk": "R87", "fields": {"family": "F85", "last_name": "SANTIAGO", "first_name": "JIRO", "middle_name": "LUNA", "relationship_to_head": "SON", "birthdate": "2000-01-01", "age": 16, "civil_status": "SINGLE", "gender": "Male", "category": "Children", "present_address": "C. FERNANDO STREET, BARANGAY SAN JOSE, MANDALUYONG CITY", "contact_number": "9171234563", "date_updated": "2025-02-22T14:12:31.078Z"}}, {"model": "residentInfo.resident", "pk": "R88", "fields": {"family": "F85", "last_name": "SANTIAGO", "first_name": "ALTHEA", "middle_name": "LUNA", "relationship_to_head": "DAUGHTER", "birthdate": "2000-01-01", "age": 13, "civil_status": "SINGLE", "gender": "Female", "category": "Children", "present_address": "C. FERNANDO STREET, BARANGAY SAN JOSE, MANDALUYONG CITY", "contact_number": "9171234564", "date_updated": "2025-02-22T14:12:31.085Z"}}, {"model": "residentInfo.resident", "pk": "R89", "fields": {"family": "F85", "last_name": "SANTIAGO", "first_name": "GABRIELA", "middle_name": "LEON", "relationship_to_head": "SISTER", "birthdate": "2000-01-01", "age": 32, "civil_status": "SINGLE", "gender": "Female", "category": "Pregnant", "present_address": "C. FERNANDO STREET, BARANGAY SAN JOSE, MANDALUYONG CITY", "contact_number": "9171234566", "date_updated": "2025-02-22T14:12:31.091Z"}}, {"model": "residentInfo.resident", "pk": "R9", "fields": {"family": "F6", "last_name": "DELOS REYES", "first_name": "SARA", "middle_name": "GOMEZ", "relationship_to_head": "DAUGHTER", "birthdate": "2000-01-01", "age": 13, "civil_status": "SINGLE", "gender": "Female", "category": "Children", "present_address": "PRIMO CRUZ STREET, BARANGAY SAN JOSE, MANDALUYONG CITY", "contact_number": "9123487651", "date_updated": "2025-02-22T14:12:30.351Z"}}, {"model": "residentInfo.resident", "pk": "R90", "fields": {"family": "F85", "last_name": "LUNA", "first_name": "DANILO", "middle_name": "GRACIA", "relationship_to_head": "RELATIVES", "birthdate": "2000-01-01", "age": 69, "civil_status": "WIDOW/ER", "gender": "Male", "category": "Senior", "present_address": "C. FERNANDO STREET, BARANGAY SAN JOSE, MANDALUYONG CITY", "contact_number": "9171234565", "date_updated": "2025-02-22T14:12:31.100Z"}}, {"model": "residentInfo.resident", "pk": "R91", "fields": {"family": "F91", "last_name": "MORALES", "first_name": "JULIAN", "middle_name": "MANUEL", "relationship_to_head": "HEAD OF THE FAMILY", "birthdate": "2000-01-01", "age": 40, "civil_status": "MARRIED", "gender": "Male", "category": "Adult", "present_address": "MAYSILO CIRCLE, BARANGAY SAN JOSE, MANDALUYONG CITY", "contact_number": "9181234567", "date_updated": "2025-02-22T14:12:31.111Z"}}, {"model": "residentInfo.resident", "pk": "R92", "fields": {"family": "F91", "last_name": "MORALES", "first_name": "RITA", "middle_name": "CASTILLO", "relationship_to_head": "SPOUSE", "birthdate": "2000-01-01", "age": 37, "civil_status": "MARRIED", "gender": "Female", "category": "PWD", "present_address": "MAYSILO CIRCLE, BARANGAY SAN JOSE, MANDALUYONG CITY", "contact_number": "9181234568", "date_updated": "2025-02-22T14:12:31.119Z"}}, {"model": "residentInfo.resident", "pk": "R93", "fields": {"family": "F91", "last_name": "MORALES", "first_name": "JIAN", "middle_name": "CASTILLO", "relationship_to_head": "SON", "birthdate": "2000-01-01", "age": 13, "civil_status": "SINGLE", "gender": "Male", "category": "Children", "present_address": "MAYSILO CIRCLE, BARANGAY SAN JOSE, MANDALUYONG CITY", "contact_number": "9181234569", "date_updated": "2025-02-22T14:12:31.125Z"}}, {"model": "residentInfo.resident", "pk": "R94", "fields": {"family": "F91", "last_name": "MORALES", "first_name": "ROSA", "middle_name": "CASTILLO", "relationship_to_head": "DAUGHTER", "birthdate": "2000-01-01", "age": 10, "civil_status": "SINGLE", "gender": "Female", "category": "Children", "present_address": "MAYSILO CIRCLE, BARANGAY SAN JOSE, MANDALUYONG CITY", "contact_number": "9181234570", "date_updated": "2025-02-22T14:12:31.132Z"}}, {"model": "residentInfo.resident", "pk": "R95", "fields": {"family": "F91", "last_name": "MORALES", "first_name": "JUANITO", "middle_name": "FERNANDEZ", "relationship_to_head": "FATHER", "birthdate": "2000-01-01", "age": 66, "civil_status": "WIDOW/ER", "gender": "Male", "category": "Senior", "present_address": "MAYSILO CIRCLE, BARANGAY SAN JOSE, MANDALUYONG CITY", "contact_number": "9181234571", "date_updated": "2025-02-22T14:12:31.138Z"}}, {"model": "residentInfo.resident", "pk": "R96", "fields": {"family": "F96", "last_name": "BAUTISTA", "first_name": "JOSHUA", "middle_name": "AQUINO", "relationship_to_head": "HEAD OF THE FAMILY", "birthdate": "2000-01-01", "age": 44, "civil_status": "MARRIED", "gender": "Male", "category": "Adult", "present_address": "PRINCETON STREET, BARANGAY SAN JOSE, MANDALUYONG CITY", "contact_number": "9171234576", "date_updated": "2025-02-22T14:12:31.147Z"}}, {"model": "residentInfo.resident", "pk": "R97", "fields": {"family": "F96", "last_name": "BAUTISTA", "first_name": "ELIZABETH", "middle_name": "PEREZ", "relationship_to_head": "SPOUSE", "birthdate": "2000-01-01", "age": 41, "civil_status": "MARRIED", "gender": "Female", "category": "Adult", "present_address": "PRINCETON STREET, BARANGAY SAN JOSE, MANDALUYONG CITY", "contact_number": "9171234577", "date_updated": "2025-02-22T14:12:31.154Z"}}, {"model": "residentInfo.resident", "pk": "R98", "fields": {"family": "F96", "last_name": "BAUTISTA", "first_name": "JOREN", "middle_name": "PEREZ", "relationship_to_head": "SON", "birthdate": "2000-01-01", "age": 10, "civil_status": "SINGLE", "gender": "Male", "category": "Children", "present_address": "PRINCETON STREET, BARANGAY SAN JOSE, MANDALUYONG CITY", "contact_number": "9171234576", "date_updated": "2025-02-22T14:12:31.159Z"}}, {"model": "residentInfo.resident", "pk": "R99", "fields": {"family": "F96", "last_name": "BAUTISTA", "first_name": "JOANA", "middle_name": "PEREZ", "relationship_to_head": "DAUGHTER", "birthdate": "2000-01-01", "age": 7, "civil_status": "SINGLE", "gender": "Female", "category": "Children", "present_address": "PRINCETON STREET, BARANGAY SAN JOSE, MANDALUYONG CITY", "contact_number": "9171234576", "date_updated": "2025-02-22T14:12:31.166Z"}}, {"model": "patientInfo.patient", "pk": 15, "fields": {"patientID": "P1", "resident": "R6"}}, {"model": "patientInfo.patient", "pk": 16, "fields": {"patientID": "P16", "resident": "R13"}}, {"model": "patientInfo.patient", "pk": 17, "fields": {"patientID": "P17", "resident": "R23"}}, {"model": "patientInfo.patient", "pk": 18, "fields": {"patientID": "P18", "resident": "R53"}}, {"model": "patientInfo.patient", "pk": 19, "fields": {"patientID": "P19", "resident": "R63"}}, {"model": "patientInfo.patient", "pk": 20, "fields": {"patientID": "P20", "resident": "R75"}}, {"model": "patientInfo.patient", "pk": 21, "fields": {"patientID": "P21", "resident": "R83"}}, {"model": "patientInfo.patient", "pk": 22, "fields": {"patientID": "P22", "resident": "R99"}}, {"model": "patientInfo.patient", "pk": 23, "fields": {"patientID": "P23", "resident": "R89"}}, {"model": "patientInfo.patient", "pk": 24, "fields": {"patientID": "P24", "resident": "R52"}}, {"model": "patientInfo.vitalsigns", "pk": 14, "fields": {"patient": 15, "blood_pressure": "120/80", "pulse_rate": 120, "temperature": 30.0, "height": 120.0, "weight": 59.0}}, {"model": "patientInfo.vitalsigns", "pk": 15, "fields": {"patient": 16, "blood_pressure": "120/90", "pulse_rate": 88, "temperature": 37.4, "height": 152.0, "weight": 52.0}}, {"model": "patientInfo.vitalsigns", "pk": 16, "fields": {"patient": 17, "blood_pressure": "110/90", "pulse_rate": 90, "temperature": 37.1, "height": 154.0, "weight": 54.0}}, {"model": "patientInfo.vitalsigns", "pk": 17, "fields": {"patient": 18, "blood_pressure": "140/110", "pulse_rate": 92, "temperature": 37.2, "height": 156.0, "weight": 56.0}}, {"model": "patientInfo.vitalsigns", "pk": 18, "fields": {"patient": 19, "blood_pressure": "120/100", "pulse_rate": 93, "temperature": 37.8, "height": 158.0, "weight": 58.0}}, {"model": "patientInfo.vitalsigns", "pk": 19, "fields": {"patient": 20, "blood_pressure": "120/80", "pulse_rate": 94, "temperature": 37.3, "height": 160.0, "weight": 60.0}}, {"model": "patientInfo.vitalsigns", "pk": 20, "fields": {"patient": 21, "blood_pressure": "140/100", "pulse_rate": 90, "temperature": 37.3, "height": 157.0, "weight": 57.0}}, {"model": "patientInfo.vitalsigns", "pk": 21, "fields": {"patient": 22, "blood_pressure": "100/60", "pulse_rate": 80, "temperature": 37.8, "height": 110.0, "weight": 20.0}}, {"model": "patientInfo.vitalsigns", "pk": 22, "fields": {"patient": 23, "blood_pressure": "120/80", "pulse_rate": 91, "temperature": 37.2, "height": 156.0, "weight": 55.0}}, {"model": "patientInfo.vitalsigns", "pk": 23, "fields": {"patient": 24, "blood_pressure": "80/60", "pulse_rate": 80, "temperature": 37.3, "height": 80.0, "weight": 18.0}}, {"model": "patientInfo.vitalsignsrecord", "pk": 11, "fields": {"patient": 15, "blood_pressure": "120/80", "pulse_rate": 120, "temperature": 30.0, "height": 120.0, "weight": 59.0, "recorded_at": "2025-03-18T16:18:46.907Z"}}, {"model": "patientInfo.vitalsignsrecord", "pk": 12, "fields": {"patient": 16, "blood_pressure": "120/90", "pulse_rate": 88, "temperature": 37.4, "height": 152.0, "weight": 52.0, "recorded_at": "2025-03-19T09:09:51.988Z"}}, {"model": "patientInfo.vitalsignsrecord", "pk": 13, "fields": {"patient": 15, "blood_pressure": "120/80", "pulse_rate": 120, "temperature": 30.0, "height": 120.0, "weight": 59.0, "recorded_at": "2025-03-19T09:36:53.819Z"}}, {"model": "patientInfo.vitalsignsrecord", "pk": 14, "fields": {"patient": 16, "blood_pressure": "120/90", "pulse_rate": 88, "temperature": 37.4, "height": 152.0, "weight": 52.0, "recorded_at": "2025-03-19T09:36:56.000Z"}}, {"model": "patientInfo.vitalsignsrecord", "pk": 15, "fields": {"patient": 17, "blood_pressure": "110/90", "pulse_rate": 90, "temperature": 37.1, "height": 154.0, "weight": 54.0, "recorded_at": "2025-03-19T09:36:57.929Z"}}, {"model": "patientInfo.vitalsignsrecord", "pk": 16, "fields": {"patient": 18, "blood_pressure": "140/110", "pulse_rate": 92, "temperature": 37.2, "height": 156.0, "weight": 56.0, "recorded_at": "2025-03-19T09:37:01.545Z"}}, {"model": "patientInfo.vitalsignsrecord", "pk": 17, "fields": {"patient": 24, "blood_pressure": "80/60", "pulse_rate": 80, "temperature": 37.3, "height": 80.0, "weight": 18.0, "recorded_at": "2025-03-19T09:37:03.929Z"}}, {"model": "patientInfo.vitalsignsrecord", "pk": 18, "fields": {"patient": 19, "blood_pressure": "120/100", "pulse_rate": 93, "temperature": 37.8, "height": 158.0, "weight": 58.0, "recorded_at": "2025-03-19T09:37:06.029Z"}}, {"model": "patientInfo.vitalsignsrecord", "pk": 19, "fields": {"patient": 20, "blood_pressure": "120/80", "pulse_rate": 94, "temperature": 37.3, "height": 160.0, "weight": 60.0, "recorded_at": "2025-03-19T09:37:11.531Z"}}, {"model": "patientInfo.vitalsignsrecord", "pk": 20, "fields": {"patient": 21, "blood_pressure": "140/100", "pulse_rate": 90, "temperature": 37.3, "height": 157.0, "weight": 57.0, "recorded_at": "2025-03-19T09:37:15.791Z"}}, {"model": "patientInfo.vitalsignsrecord", "pk": 21, "fields": {"patient": 23, "blood_pressure": "120/80", "pulse_rate": 91, "temperature": 37.2, "height": 156.0, "weight": 55.0, "recorded_at": "2025-03-19T09:37:17.799Z"}}, {"model": "patientInfo.vitalsignsrecord", "pk": 22, "fields": {"patient": 22, "blood_pressure": "100/60", "pulse_rate": 80, "temperature": 37.8, "height": 110.0, "weight": 20.0, "recorded_at": "2025-03-19T09:37:19.661Z"}}, {"model": "patientInfo.presentillness", "pk": 19, "fields": {"date_visited": "2025-03-19", "patient": 15, "illness_name": "FEVER", "start_date": "2025-03-13", "treatment": ""}}, {"model": "patientInfo.presentillness", "pk": 20, "fields": {"date_visited": "2025-03-19", "patient": 15, "illness_name": "STOMACH ACHE", "start_date": "2025-03-19", "treatment": ""}}, {"model": "patientInfo.presentillness", "pk": 21, "fields": {"date_visited": "2025-03-19", "patient": 16, "illness_name": "COUGH AND COLD", "start_date": "2025-03-10", "treatment": "DRINK PLENTY OF WATER"}}, {"model": "patientInfo.presentillness", "pk": 22, "fields": {"date_visited": "2025-03-19", "patient": 18, "illness_name": "HYPERTENSION", "start_date": "2025-03-12", "treatment": ""}}, {"model": "patientInfo.presentillness", "pk": 23, "fields": {"date_visited": "2025-03-19", "patient": 19, "illness_name": "FEVER", "start_date": "2025-03-11", "treatment": ""}}, {"model": "patientInfo.presentillness", "pk": 24, "fields": {"date_visited": "2025-03-19", "patient": 20, "illness_name": "BODY PAIN", "start_date": "2025-03-10", "treatment": ""}}, {"model": "patientInfo.presentillness", "pk": 25, "fields": {"date_visited": "2025-03-19", "patient": 21, "illness_name": "HYPERTENSION", "start_date": "2025-03-11", "treatment": ""}}, {"model": "patientInfo.presentillness", "pk": 26, "fields": {"date_visited": "2025-03-19", "patient": 22, "illness_name": "FEVER", "start_date": "2025-03-12", "treatment": ""}}, {"model": "patientInfo.vaccination", "pk": 14, "fields": {"patient": 15, "hepatitis_a": true, "hepatitis_b": false, "hpv_vaccine": false, "pre_announced_vaccine": false, "typhoid": false, "mmr": false, "dpt": false, "chicken_pox": false, "tetanus_toxoid": false, "others": "COVID 19 - 1ST & 2ND DOSE COMPLETE WITH 1 BOOSTER"}}, {"model": "patientInfo.vaccination", "pk": 15, "fields": {"patient": 16, "hepatitis_a": true, "hepatitis_b": false, "hpv_vaccine": false, "pre_announced_vaccine": false, "typhoid": false, "mmr": false, "dpt": false, "chicken_pox": false, "tetanus_toxoid": false, "others": ""}}, {"model": "patientInfo.vaccination", "pk": 16, "fields": {"patient": 17, "hepatitis_a": true, "hepatitis_b": false, "hpv_vaccine": false, "pre_announced_vaccine": false, "typhoid": false, "mmr": false, "dpt": false, "chicken_pox": false, "tetanus_toxoid": false, "others": ""}}, {"model": "patientInfo.vaccination", "pk": 17, "fields": {"patient": 18, "hepatitis_a": true, "hepatitis_b": false, "hpv_vaccine": false, "pre_announced_vaccine": false, "typhoid": false, "mmr": false, "dpt": false, "chicken_pox": false, "tetanus_toxoid": false, "others": ""}}, {"model": "patientInfo.vaccination", "pk": 18, "fields": {"patient": 19, "hepatitis_a": true, "hepatitis_b": false, "hpv_vaccine": false, "pre_announced_vaccine": false, "typhoid": false, "mmr": false, "dpt": false, "chicken_pox": false, "tetanus_toxoid": false, "others": ""}}, {"model": "patientInfo.vaccination", "pk": 19, "fields": {"patient": 20, "hepatitis_a": true, "hepatitis_b": false, "hpv_vaccine": false, "pre_announced_vaccine": false, "typhoid": false, "mmr": false, "dpt": false, "chicken_pox": false, "tetanus_toxoid": false, "others": ""}}, {"model": "patientInfo.vaccination", "pk": 20, "fields": {"patient": 21, "hepatitis_a": true, "hepatitis_b": false, "hpv_vaccine": false, "pre_announced_vaccine": false, "typhoid": false, "mmr": false, "dpt": false, "chicken_pox": false, "tetanus_toxoid": false, "others": ""}}, {"model": "patientInfo.vaccination", "pk": 21, "fields": {"patient": 22, "hepatitis_a": true, "hepatitis_b": false, "hpv_vaccine": false, "pre_announced_vaccine": false, "typhoid": false, "mmr": false, "dpt": false, "chicken_pox": false, "tetanus_toxoid": false, "others": ""}}, {"model": "patientInfo.vaccination", "pk": 22, "fields": {"patient": 23, "hepatitis_a": true, "hepatitis_b": false, "hpv_vaccine": false, "pre_announced_vaccine": false, "typhoid": false, "mmr": false, "dpt": false, "chicken_pox": false, "tetanus_toxoid": false, "others": ""}}, {"model": "patientInfo.vaccination", "pk": 23, "fields": {"patient": 24, "hepatitis_a": true, "hepatitis_b": false, "hpv_vaccine": false, "pre_announced_vaccine": false, "typhoid": false, "mmr": false, "dpt": false, "chicken_pox": false, "tetanus_toxoid": false, "others": ""}}, {"model": "patientInfo.pastmedicalhistory", "pk": 14, "fields": {"patient": 15, "asthma": true, "anemia": false, "bad_teeth": false, "diabetes": false, "depression": false, "heart_disease": false, "hearing_problem": false, "high_blood_pressure": false, "heart_attack": false, "drug_allergy": false, "allergy_details": "", "others": ""}}, {"model": "patientInfo.pastmedicalhistory", "pk": 15, "fields": {"patient": 16, "asthma": true, "anemia": false, "bad_teeth": false, "diabetes": false, "depression": false, "heart_disease": false, "hearing_problem": false, "high_blood_pressure": false, "heart_attack": false, "drug_allergy": false, "allergy_details": "", "others": ""}}, {"model": "patientInfo.pastmedicalhistory", "pk": 16, "fields": {"patient": 17, "asthma": false, "anemia": false, "bad_teeth": false, "diabetes": false, "depression": false, "heart_disease": false, "hearing_problem": false, "high_blood_pressure": false, "heart_attack": false, "drug_allergy": false, "allergy_details": "", "others": ""}}, {"model": "patientInfo.pastmedicalhistory", "pk": 17, "fields": {"patient": 18, "asthma": false, "anemia": false, "bad_teeth": false, "diabetes": false, "depression": false, "heart_disease": false, "hearing_problem": false, "high_blood_pressure": false, "heart_attack": false, "drug_allergy": false, "allergy_details": "", "others": ""}}, {"model": "patientInfo.pastmedicalhistory", "pk": 18, "fields": {"patient": 19, "asthma": false, "anemia": false, "bad_teeth": false, "diabetes": false, "depression": false, "heart_disease": false, "hearing_problem": false, "high_blood_pressure": false, "heart_attack": false, "drug_allergy": false, "allergy_details": "", "others": ""}}, {"model": "patientInfo.pastmedicalhistory", "pk": 19, "fields": {"patient": 20, "asthma": false, "anemia": false, "bad_teeth": false, "diabetes": false, "depression": false, "heart_disease": false, "hearing_problem": false, "high_blood_pressure": false, "heart_attack": false, "drug_allergy": false, "allergy_details": "", "others": ""}}, {"model": "patientInfo.pastmedicalhistory", "pk": 20, "fields": {"patient": 21, "asthma": false, "anemia": false, "bad_teeth": false, "diabetes": false, "depression": false, "heart_disease": false, "hearing_problem": false, "high_blood_pressure": false, "heart_attack": false, "drug_allergy": false, "allergy_details": "", "others": ""}}, {"model": "patientInfo.pastmedicalhistory", "pk": 21, "fields": {"patient": 22, "asthma": true, "anemia": false, "bad_teeth": false, "diabetes": false, "depression": false, "heart_disease": false, "hearing_problem": false, "high_blood_pressure": false, "heart_attack": false, "drug_allergy": false, "allergy_details": "", "others": ""}}, {"model": "patientInfo.pastmedicalhistory", "pk": 22, "fields": {"patient": 23, "asthma": false, "anemia": false, "bad_teeth": false, "diabetes": false, "depression": false, "heart_disease": false, "hearing_problem": false, "high_blood_pressure": false, "heart_attack": false, "drug_allergy": false, "allergy_details": "", "others": ""}}, {"model": "patientInfo.pastmedicalhistory", "pk": 23, "fields": {"patient": 24, "asthma": false, "anemia": false, "bad_teeth": false, "diabetes": false, "depression": false, "heart_disease": false, "hearing_problem": false, "high_blood_pressure": false, "heart_attack": false, "drug_allergy": false, "allergy_details": "", "others": ""}}, {"model": "patientInfo.medicalrecord", "pk": 21, "fields": {"patient": 15, "concern": "FEVER", "description": "CHILLS, HEADACHE", "recommendation": "DRINK PLENTY OF WATER, MONITOR TEMPERATURE EVERY 4-6 HRS", "last_visited": "2025-03-15"}}, {"model": "patientInfo.medicalrecord", "pk": 22, "fields": {"patient": 16, "concern": "COUGH AND COLD", "description": "DRY COUGH, NASAL CONGESTION", "recommendation": "INCREASE FLUID INTAKE, AVOID COLD DRINKS", "last_visited": "2025-03-15"}}, {"model": "patientInfo.medicalrecord", "pk": 23, "fields": {"patient": 17, "concern": "PRENATAL", "description": "VITAMIN SUPPORT", "recommendation": "EAT NUTRITIOUS FOOD, ATTEND REGULAR CHECKUP", "last_visited": "2025-03-15"}}, {"model": "patientInfo.medicalrecord", "pk": 25, "fields": {"patient": 18, "concern": "HYPERTENSION", "description": "DIZZINESS, HEADACHE", "recommendation": "AVOID FATTY FOODS, MONITOR BP DAILY", "last_visited": "2025-03-15"}}, {"model": "patientInfo.medicalrecord", "pk": 26, "fields": {"patient": 19, "concern": "FEVER", "description": "CHILLS, HEADACHE", "recommendation": "DRINK PLENTY OF FLUIDS, MONITOR TEMPERATURE EVERY 4-6 HOURS", "last_visited": "2025-03-15"}}, {"model": "patientInfo.medicalrecord", "pk": 27, "fields": {"patient": 20, "concern": "BODY PAIN", "description": "MUSCLE PAIN, MILD HEADACHE", "recommendation": "APPLY WARM COMPRESS TO AFFECTED AREA, GET ENOUGH REST", "last_visited": "2025-03-15"}}, {"model": "patientInfo.medicalrecord", "pk": 28, "fields": {"patient": 21, "concern": "HYPERTENSION", "description": "DIZZINESS, HEADACHE", "recommendation": "AVOID FATTY FOODS, MONITOR BP DAILY", "last_visited": "2025-03-15"}}, {"model": "patientInfo.medicalrecord", "pk": 29, "fields": {"patient": 22, "concern": "FEVER", "description": "CHILL, HEADACHE", "recommendation": "DRINK PLENTY OF FLUIDS, MONITOR TEMPERATURE EVERY 4-6 HRS", "last_visited": "2025-03-15"}}, {"model": "patientInfo.medicalrecord", "pk": 30, "fields": {"patient": 23, "concern": "PRENATAL", "description": "VITAMIN SUPPORT", "recommendation": "EAT NUTRITIOUS FOOD , ATTEND REGULAR PRENATAL CHECKUP", "last_visited": "2025-03-15"}}, {"model": "patientInfo.medicalrecord", "pk": 31, "fields": {"patient": 24, "concern": "IMMUNIZATION", "description": "VACCINE - MMR", "recommendation": "MONITOR FOR MILD FEVER", "last_visited": "2025-03-15"}}, {"model": "patientInfo.medicinetracking", "pk": 21, "fields": {"patient": 15, "medicine": 11, "medicine_stock": 32, "quantity_used": 20, "total_dosage": "10000.0 MG", "frequency": "1 TAB EVERY 4-6 HRS AS NEEDED", "start_date": "2025-03-15", "end_date": null, "chief_complain": "FEVER", "date_given": "2025-03-15", "follow_up_date": "2025-03-19", "notes": "", "total_price": "0.00"}}, {"model": "patientInfo.medicinetracking", "pk": 23, "fields": {"patient": 16, "medicine": 13, "medicine_stock": 26, "quantity_used": 20, "total_dosage": "10000 MG", "frequency": "2-3 TIMES DAILY", "start_date": "2025-03-15", "end_date": null, "chief_complain": "COUGH AND COLD", "date_given": "2025-03-15", "follow_up_date": "2025-03-21", "notes": "", "total_price": "0.00"}}, {"model": "patientInfo.medicinetracking", "pk": 24, "fields": {"patient": 17, "medicine": 15, "medicine_stock": 27, "quantity_used": 30, "total_dosage": "9000 MG", "frequency": "1 TABLET DAILY", "start_date": "2025-03-15", "end_date": null, "chief_complain": "PRENATAL", "date_given": "2025-03-15", "follow_up_date": "2025-04-18", "notes": "", "total_price": "0.00"}}, {"model": "patientInfo.medicinetracking", "pk": 25, "fields": {"patient": 18, "medicine": 14, "medicine_stock": 25, "quantity_used": 30, "total_dosage": "150 MG", "frequency": "5 MG", "start_date": "2025-03-15", "end_date": null, "chief_complain": "HYPERTENSION", "date_given": "2025-03-15", "follow_up_date": "2025-03-20", "notes": "", "total_price": "0.00"}}, {"model": "patientInfo.medicinetracking", "pk": 26, "fields": {"patient": 19, "medicine": 11, "medicine_stock": 32, "quantity_used": 20, "total_dosage": "10000 MG", "frequency": "1 TAB EVERY 4-6 HOURS", "start_date": "2025-03-15", "end_date": null, "chief_complain": "FEVER", "date_given": "2025-03-15", "follow_up_date": "2025-03-10", "notes": "", "total_price": "0.00"}}, {"model": "patientInfo.medicinetracking", "pk": 27, "fields": {"patient": 20, "medicine": 12, "medicine_stock": 28, "quantity_used": 20, "total_dosage": "4000 MG", "frequency": "200 MG", "start_date": "2025-03-15", "end_date": null, "chief_complain": "BODY PAIN", "date_given": "2025-03-15", "follow_up_date": "2025-03-25", "notes": "", "total_price": "0.00"}}, {"model": "patientInfo.medicinetracking", "pk": 28, "fields": {"patient": 21, "medicine": 14, "medicine_stock": 25, "quantity_used": 14, "total_dosage": "70 MG", "frequency": "ONCE A DAY", "start_date": "2025-03-15", "end_date": null, "chief_complain": "HYPERTENSION", "date_given": "2025-03-15", "follow_up_date": "2025-03-25", "notes": "", "total_price": "0.00"}}, {"model": "patientInfo.medicinetracking", "pk": 29, "fields": {"patient": 22, "medicine": 17, "medicine_stock": 30, "quantity_used": 1, "total_dosage": "5.0 ML", "frequency": "5ML EVERY 4-6 HRS", "start_date": "2025-03-15", "end_date": null, "chief_complain": "FEVER", "date_given": "2025-03-15", "follow_up_date": "2025-03-26", "notes": "", "total_price": "0.00"}}, {"model": "patientInfo.medicinetracking", "pk": 30, "fields": {"patient": 23, "medicine": 15, "medicine_stock": 27, "quantity_used": 15, "total_dosage": "4500 MG", "frequency": "ONCE A DAY", "start_date": "2025-03-15", "end_date": null, "chief_complain": "PRENATAL", "date_given": "2025-03-15", "follow_up_date": "2025-03-26", "notes": "", "total_price": "0.00"}}, {"model": "patientInfo.medicinetracking", "pk": 31, "fields": {"patient": 24, "medicine": 16, "medicine_stock": 29, "quantity_used": 1, "total_dosage": "0.5 ML", "frequency": "ONE DOSE", "start_date": "2025-03-15", "end_date": null, "chief_complain": "IMMUNIZATION", "date_given": "2025-03-15", "follow_up_date": "2025-04-16", "notes": "", "total_price": "0.00"}}, {"model": "medicineMonitoring.medicine", "pk": 11, "fields": {"medicine_name": "PARACETAMOL TABLET", "brand_name": "BIOGESIC", "dosage": "500 MG", "total_quantity": 35, "supplier_name": "UNILAB", "date_last_stock": "2025-03-15", "notes": "FEVER"}}, {"model": "medicineMonitoring.medicine", "pk": 12, "fields": {"medicine_name": "IBUPROFEN", "brand_name": "ADVIL", "dosage": "200 MG", "total_quantity": 80, "supplier_name": "PFIZER", "date_last_stock": "2025-03-15", "notes": "BODY PAIN"}}, {"model": "medicineMonitoring.medicine", "pk": 13, "fields": {"medicine_name": "CARBOCEISTEIN", "brand_name": "SOLMUX", "dosage": "500 MG", "total_quantity": 80, "supplier_name": "UNILAB", "date_last_stock": "2025-03-15", "notes": "COUGH AND COLD"}}, {"model": "medicineMonitoring.medicine", "pk": 14, "fields": {"medicine_name": "AMLODIPINE", "brand_name": "NORVASC", "dosage": "5 MG", "total_quantity": 56, "supplier_name": "PFIZER", "date_last_stock": "2025-03-15", "notes": "HYPERTENSION"}}, {"model": "medicineMonitoring.medicine", "pk": 15, "fields": {"medicine_name": "FERROUS SULFATE + FOLIC ACID", "brand_name": "FEROLITAB", "dosage": "300 MG", "total_quantity": 55, "supplier_name": "TELECURE", "date_last_stock": "2025-03-15", "notes": "PRENATAL MED"}}, {"model": "medicineMonitoring.medicine", "pk": 16, "fields": {"medicine_name": "MMR II", "brand_name": "MMR II", "dosage": "0.5 ML", "total_quantity": 99, "supplier_name": "MSD", "date_last_stock": "2025-03-15", "notes": "VACCINE"}}, {"model": "medicineMonitoring.medicine", "pk": 17, "fields": {"medicine_name": "PARACETAMOL SYRUP", "brand_name": "BIOGESIC FOR KIDS", "dosage": "5 ML", "total_quantity": 99, "supplier_name": "UNILAB", "date_last_stock": "2025-03-15", "notes": "FEVER"}}, {"model": "medicineMonitoring.medicine", "pk": 18, "fields": {"medicine_name": "AMBROXOL SYRUP", "brand_name": "MUCOSOLVAN", "dosage": "5 ML", "total_quantity": 100, "supplier_name": "RITEMED", "date_last_stock": "2025-03-19", "notes": "COUGH AND COLD"}}, {"model": "medicineMonitoring.medicinestock", "pk": 24, "fields": {"medicine": 18, "quantity": 100, "expiration_date": "2027-03-15", "notes": ""}}, {"model": "medicineMonitoring.medicinestock", "pk": 25, "fields": {"medicine": 14, "quantity": 56, "expiration_date": "2027-03-22", "notes": ""}}, {"model": "medicineMonitoring.medicinestock", "pk": 26, "fields": {"medicine": 13, "quantity": 80, "expiration_date": "2027-03-29", "notes": ""}}, {"model": "medicineMonitoring.medicinestock", "pk": 27, "fields": {"medicine": 15, "quantity": 55, "expiration_date": "2027-04-05", "notes": ""}}, {"model": "medicineMonitoring.medicinestock", "pk": 28, "fields": {"medicine": 12, "quantity": 80, "expiration_date": "2027-04-12", "notes": ""}}, {"model": "medicineMonitoring.medicinestock", "pk": 29, "fields": {"medicine": 16, "quantity": 99, "expiration_date": "2027-04-11", "notes": ""}}, {"model": "medicineMonitoring.medicinestock", "pk": 30, "fields": {"medicine": 17, "quantity": 99, "expiration_date": "2027-03-17", "notes": ""}}, {"model": "medicineMonitoring.medicinestock", "pk": 31, "fields": {"medicine": 17, "quantity": 5, "expiration_date": "2025-03-14", "notes": ""}}, {"model": "medicineMonitoring.medicinestock", "pk": 32, "fields": {"medicine": 11, "quantity": 35, "expiration_date": "2025-04-18", "notes": ""}}, {"model": "medicineMonitoring.medicinestock", "pk": 33, "fields": {"medicine": 11, "quantity": 5, "expiration_date": "2025-03-14", "notes": ""}}, {"model": "medicineMonitoring.medicinestock", "pk": 34, "fields": {"medicine": 18, "quantity": 0, "expiration_date": "2025-03-29", "notes": ""}}, {"model": "medicineMonitoring.medicinestock", "pk": 35, "fields": {"medicine": 18, "quantity": 0, "expiration_date": "2025-03-27", "notes": ""}}, {"model": "scheduledcheckup.scheduledcheckup", "pk": 8, "fields": {"patient": 15, "checkup_date": "2025-03-20", "checkup_time": null, "notes": "Follow-up checkup for medication: PARACETAMOL TABLET (2025-03-15)", "created_at": "2025-03-15T14:56:09.534Z"}}, {"model": "scheduledcheckup.scheduledcheckup", "pk": 9, "fields": {"patient": 16, "checkup_date": "2025-03-20", "checkup_time": null, "notes": "Follow-up checkup for medication: CARBOCEISTEIN (2025-03-15)", "created_at": "2025-03-15T15:02:14.752Z"}}, {"model": "scheduledcheckup.scheduledcheckup", "pk": 10, "fields": {"patient": 17, "checkup_date": "2025-04-17", "checkup_time": null, "notes": "Follow-up checkup for medication: FERROUS SULFATE + FOLIC ACID (2025-03-15)", "created_at": "2025-03-15T15:04:47.116Z"}}, {"model": "scheduledcheckup.scheduledcheckup", "pk": 11, "fields": {"patient": 18, "checkup_date": "2025-03-18", "checkup_time": null, "notes": "Follow-up checkup for medication: AMLODIPINE (2025-03-15)", "created_at": "2025-03-15T15:09:04.194Z"}}, {"model": "scheduledcheckup.scheduledcheckup", "pk": 12, "fields": {"patient": 19, "checkup_date": "2025-03-17", "checkup_time": null, "notes": "Follow-up checkup for medication: PARACETAMOL TABLET (2025-03-15)", "created_at": "2025-03-15T15:12:02.802Z"}}, {"model": "scheduledcheckup.scheduledcheckup", "pk": 13, "fields": {"patient": 20, "checkup_date": "2025-03-25", "checkup_time": null, "notes": "Follow-up checkup for medication: IBUPROFEN (2025-03-15)", "created_at": "2025-03-15T15:17:06.575Z"}}, {"model": "scheduledcheckup.scheduledcheckup", "pk": 14, "fields": {"patient": 21, "checkup_date": "2025-03-25", "checkup_time": null, "notes": "Follow-up checkup for medication: AMLODIPINE (2025-03-15)", "created_at": "2025-03-15T15:21:07.038Z"}}, {"model": "scheduledcheckup.scheduledcheckup", "pk": 15, "fields": {"patient": 22, "checkup_date": "2025-03-25", "checkup_time": null, "notes": "Follow-up checkup for medication: PARACETAMOL SYRUP (2025-03-15)", "created_at": "2025-03-15T15:25:41.087Z"}}, {"model": "scheduledcheckup.scheduledcheckup", "pk": 16, "fields": {"patient": 23, "checkup_date": "2025-03-28", "checkup_time": null, "notes": "Follow-up checkup for medication: FERROUS SULFATE + FOLIC ACID (2025-03-15)", "created_at": "2025-03-15T15:27:30.294Z"}}, {"model": "scheduledcheckup.scheduledcheckup", "pk": 17, "fields": {"patient": 24, "checkup_date": "2025-04-16", "checkup_time": null, "notes": "Follow-up checkup for medication: MMR II (2025-03-15)", "created_at": "2025-03-15T15:30:01.547Z"}}, {"model": "scheduledcheckup.scheduledcheckup", "pk": 18, "fields": {"patient": 22, "checkup_date": "2025-03-26", "checkup_time": null, "notes": "Follow-up checkup for medication: PARACETAMOL SYRUP (2025-03-15)", "created_at": "2025-03-15T15:30:22.540Z"}}, {"model": "logs.logs", "pk": 1, "fields": {"datelog": "2025-03-15", "timelog": "16:41:00", "module": "Medicine Record", "action": "Delete Medicine", "performed_to": "Medicine ID - 10: Lisinopril", "performed_by": "username: Admin - adminLastName, adminFirstName"}}, {"model": "logs.logs", "pk": 2, "fields": {"datelog": "2025-03-15", "timelog": "18:44:00", "module": "Resident Information", "action": "Update Resident", "performed_to": "Resident ID R105 - Jerdan Gondayao", "performed_by": "username: Admin - adminLastName, adminFirstName"}}, {"model": "logs.logs", "pk": 3, "fields": {"datelog": "2025-03-15", "timelog": "18:54:00", "module": "Residents Information", "action": "Update Family", "performed_to": "Family ID F103 - Head: Jerdan Gondayao", "performed_by": "username: Admin - adminLastName, adminFirstName"}}, {"model": "logs.logs", "pk": 4, "fields": {"datelog": "2025-03-15", "timelog": "18:57:00", "module": "Residents Information", "action": "Update Family", "performed_to": "Family ID F1 - Head: JUAN GARCIA", "performed_by": "username: Admin - adminLastName, adminFirstName"}}, {"model": "logs.logs", "pk": 5, "fields": {"datelog": "2025-03-15", "timelog": "18:59:00", "module": "Residents Information", "action": "Update Family", "performed_to": "Family ID F1 - Head: JUAN GARCIA", "performed_by": "username: Admin - adminLastName, adminFirstName"}}, {"model": "logs.logs", "pk": 6, "fields": {"datelog": "2025-03-15", "timelog": "18:59:00", "module": "Resident Information", "action": "Update Resident", "performed_to": "Resident ID R1 - JUAN GARCIA", "performed_by": "username: Admin - adminLastName, adminFirstName"}}, {"model": "logs.logs", "pk": 7, "fields": {"datelog": "2025-03-15", "timelog": "20:58:00", "module": "Patient Information", "action": "Delete Patient", "performed_to": "Patient ID - P14: PASCUAL, BEATRIZ", "performed_by": "username: Admin - adminLastName, adminFirstName"}}, {"model": "logs.logs", "pk": 8, "fields": {"datelog": "2025-03-15", "timelog": "21:54:00", "module": "Medicine Record", "action": "Delete Medicine", "performed_to": "Medicine ID - 7: Lisinopril", "performed_by": "username: Admin - adminLastName, adminFirstName"}}, {"model": "logs.logs", "pk": 9, "fields": {"datelog": "2025-03-15", "timelog": "21:58:00", "module": "Medicine Record", "action": "Update Medicine", "performed_to": "Medicine ID - 15: FERROUS SULFATE + FOLIC ACID", "performed_by": "username: Admin - adminLastName, adminFirstName"}}, {"model": "logs.logs", "pk": 10, "fields": {"datelog": "2025-03-15", "timelog": "21:58:00", "module": "Medicine Record", "action": "Update Medicine", "performed_to": "Medicine ID - 15: FERROUS SULFATE + FOLIC ACID", "performed_by": "username: Admin - adminLastName, adminFirstName"}}, {"model": "logs.logs", "pk": 11, "fields": {"datelog": "2025-03-15", "timelog": "21:59:00", "module": "Patient Information", "action": "Delete Patient", "performed_to": "Patient ID - P1: GARCIA, JUAN", "performed_by": "username: Admin - adminLastName, adminFirstName"}}, {"model": "logs.logs", "pk": 12, "fields": {"datelog": "2025-03-15", "timelog": "21:59:00", "module": "Patient Information", "action": "Delete Patient", "performed_to": "Patient ID - P6: GARCIA, MARIA", "performed_by": "username: Admin - adminLastName, adminFirstName"}}, {"model": "logs.logs", "pk": 13, "fields": {"datelog": "2025-03-15", "timelog": "21:59:00", "module": "Patient Information", "action": "Delete Patient", "performed_to": "Patient ID - P11: DELOS REYES, SARA", "performed_by": "username: Admin - adminLastName, adminFirstName"}}, {"model": "logs.logs", "pk": 14, "fields": {"datelog": "2025-03-15", "timelog": "21:59:00", "module": "Patient Information", "action": "Delete Patient", "performed_to": "Patient ID - P5: DELOS REYES, MARCO", "performed_by": "username: Admin - adminLastName, adminFirstName"}}, {"model": "logs.logs", "pk": 15, "fields": {"datelog": "2025-03-15", "timelog": "21:59:00", "module": "Patient Information", "action": "Delete Patient", "performed_to": "Patient ID - P10: PASCUAL, ANTHONY", "performed_by": "username: Admin - adminLastName, adminFirstName"}}, {"model": "logs.logs", "pk": 16, "fields": {"datelog": "2025-03-15", "timelog": "21:59:00", "module": "Patient Information", "action": "Delete Patient", "performed_to": "Patient ID - P12: PASCUAL, CELSO", "performed_by": "username: Admin - adminLastName, adminFirstName"}}, {"model": "logs.logs", "pk": 17, "fields": {"datelog": "2025-03-15", "timelog": "21:59:00", "module": "Patient Information", "action": "Delete Patient", "performed_to": "Patient ID - P13: PASCUAL, FELISA", "performed_by": "username: Admin - adminLastName, adminFirstName"}}, {"model": "logs.logs", "pk": 18, "fields": {"datelog": "2025-03-15", "timelog": "22:04:00", "module": "Medicine Record", "action": "Update Medicine Stock", "performed_to": "Medicine Stock for Medicine ID - 11: PARACETAMOL TABLET", "performed_by": "username: Admin - adminLastName, adminFirstName"}}, {"model": "logs.logs", "pk": 19, "fields": {"datelog": "2025-03-15", "timelog": "22:04:00", "module": "Medicine Record", "action": "Update Medicine Stock", "performed_to": "Medicine Stock for Medicine ID - 17: PARACETAMOL SYRUP", "performed_by": "username: Admin - adminLastName, adminFirstName"}}, {"model": "logs.logs", "pk": 20, "fields": {"datelog": "2025-03-15", "timelog": "22:07:00", "module": "Patient Information", "action": "Update Medical Record", "performed_to": "Medical Record ID - 21 for Patient ID - P1: DELOS REYES, JOSE", "performed_by": "username: Admin - adminLastName, adminFirstName"}}, {"model": "logs.logs", "pk": 21, "fields": {"datelog": "2025-03-15", "timelog": "22:34:00", "module": "Patient Information", "action": "Update Medicine Tracking", "performed_to": "Medicine Tracking ID - 21 for P1: DELOS REYES, JOSE (Medicine: PARACETAMOL TABLET)", "performed_by": "username: Admin - adminLastName, adminFirstName"}}, {"model": "logs.logs", "pk": 22, "fields": {"datelog": "2025-03-15", "timelog": "22:55:00", "module": "MedicineTracking", "action": "Delete Medicine Tracking", "performed_to": "Medicine Tracking ID - 22 for P1: DELOS REYES, JOSE (Medicine: PARACETAMOL TABLET)", "performed_by": "username: Admin - adminLastName, adminFirstName"}}, {"model": "logs.logs", "pk": 23, "fields": {"datelog": "2025-03-15", "timelog": "22:56:00", "module": "Patient Information", "action": "Update Medicine Tracking", "performed_to": "Medicine Tracking ID - 21 for P1: DELOS REYES, JOSE (Medicine: PARACETAMOL TABLET)", "performed_by": "username: Admin - adminLastName, adminFirstName"}}, {"model": "logs.logs", "pk": 24, "fields": {"datelog": "2025-03-15", "timelog": "23:01:00", "module": "Patient Information", "action": "Update Medical Record", "performed_to": "Medical Record ID - 22 for Patient ID - P16: PASCUAL, MIGUELLA", "performed_by": "username: Admin - adminLastName, adminFirstName"}}, {"model": "logs.logs", "pk": 25, "fields": {"datelog": "2025-03-15", "timelog": "23:03:00", "module": "Patient Information", "action": "Update Medical Record", "performed_to": "Medical Record ID - 23 for Patient ID - P17: DELOS SANTOS, ANALIZA", "performed_by": "username: Admin - adminLastName, adminFirstName"}}, {"model": "logs.logs", "pk": 26, "fields": {"datelog": "2025-03-15", "timelog": "23:07:00", "module": "Patient Information", "action": "Delete Medical Record", "performed_to": "Medical Record ID - 24 for Patient ID - P18: REYES, JOSEFINA", "performed_by": "username: Admin - adminLastName, adminFirstName"}}, {"model": "logs.logs", "pk": 27, "fields": {"datelog": "2025-03-15", "timelog": "23:11:00", "module": "Patient Information", "action": "Update Medical Record", "performed_to": "Medical Record ID - 26 for Patient ID - P19: SANTOS, ANNALIE", "performed_by": "username: Admin - adminLastName, adminFirstName"}}, {"model": "logs.logs", "pk": 28, "fields": {"datelog": "2025-03-15", "timelog": "23:12:00", "module": "Checkup", "action": "Update Checkup", "performed_to": "Checkup ID - 12 for P19: ANNALIE SANTOS", "performed_by": "username: Admin - adminLastName, adminFirstName"}}, {"model": "logs.logs", "pk": 29, "fields": {"datelog": "2025-03-15", "timelog": "23:13:00", "module": "Checkup", "action": "Update Checkup", "performed_to": "Checkup ID - 8 for P1: JOSE DELOS REYES", "performed_by": "username: Admin - adminLastName, adminFirstName"}}, {"model": "logs.logs", "pk": 30, "fields": {"datelog": "2025-03-15", "timelog": "23:13:00", "module": "Checkup", "action": "Update Checkup", "performed_to": "Checkup ID - 11 for P18: JOSEFINA REYES", "performed_by": "username: Admin - adminLastName, adminFirstName"}}, {"model": "logs.logs", "pk": 31, "fields": {"datelog": "2025-03-15", "timelog": "23:14:00", "module": "Checkup", "action": "Update Checkup", "performed_to": "Checkup ID - 9 for P16: MIGUELLA PASCUAL", "performed_by": "username: Admin - adminLastName, adminFirstName"}}, {"model": "logs.logs", "pk": 32, "fields": {"datelog": "2025-03-15", "timelog": "23:14:00", "module": "Patient Information", "action": "Update Patient", "performed_to": "Patient ID - P17: ANALIZA DELOS SANTOS", "performed_by": "username: Admin - adminLastName, adminFirstName"}}, {"model": "logs.logs", "pk": 33, "fields": {"datelog": "2025-03-15", "timelog": "23:16:00", "module": "Patient Information", "action": "Update Medical Record", "performed_to": "Medical Record ID - 27 for Patient ID - P20: AQUINO, ANDREA", "performed_by": "username: Admin - adminLastName, adminFirstName"}}, {"model": "logs.logs", "pk": 34, "fields": {"datelog": "2025-03-15", "timelog": "23:20:00", "module": "Patient Information", "action": "Update Medical Record", "performed_to": "Medical Record ID - 28 for Patient ID - P21: OCAMPO, ISIDRO", "performed_by": "username: Admin - adminLastName, adminFirstName"}}, {"model": "logs.logs", "pk": 35, "fields": {"datelog": "2025-03-15", "timelog": "23:24:00", "module": "Patient Information", "action": "Update Medical Record", "performed_to": "Medical Record ID - 29 for Patient ID - P22: BAUTISTA, JOANA", "performed_by": "username: Admin - adminLastName, adminFirstName"}}, {"model": "logs.logs", "pk": 36, "fields": {"datelog": "2025-03-15", "timelog": "23:27:00", "module": "Patient Information", "action": "Update Medical Record", "performed_to": "Medical Record ID - 30 for Patient ID - P23: SANTIAGO, GABRIELA", "performed_by": "username: Admin - adminLastName, adminFirstName"}}, {"model": "logs.logs", "pk": 37, "fields": {"datelog": "2025-03-15", "timelog": "23:29:00", "module": "Patient Information", "action": "Update Medical Record", "performed_to": "Medical Record ID - 31 for Patient ID - P24: REYES, ALBERT", "performed_by": "username: Admin - adminLastName, adminFirstName"}}, {"model": "logs.logs", "pk": 38, "fields": {"datelog": "2025-03-15", "timelog": "23:30:00", "module": "Patient Information", "action": "Update Medicine Tracking", "performed_to": "Medicine Tracking ID - 29 for P22: BAUTISTA, JOANA (Medicine: PARACETAMOL SYRUP)", "performed_by": "username: Admin - adminLastName, adminFirstName"}}, {"model": "logs.logs", "pk": 39, "fields": {"datelog": "2025-03-15", "timelog": "23:31:00", "module": "Checkup", "action": "Update Checkup", "performed_to": "Checkup ID - 16 for P23: GABRIELA SANTIAGO", "performed_by": "username: Admin - adminLastName, adminFirstName"}}, {"model": "logs.logs", "pk": 40, "fields": {"datelog": "2025-03-15", "timelog": "23:31:00", "module": "Checkup", "action": "Update Checkup", "performed_to": "Checkup ID - 10 for P17: ANALIZA DELOS SANTOS", "performed_by": "username: Admin - adminLastName, adminFirstName"}}, {"model": "logs.logs", "pk": 41, "fields": {"datelog": "2025-03-15", "timelog": "23:52:00", "module": "Patient Information", "action": "Update Medical Record", "performed_to": "Medical Record ID - 21 for Patient ID - P1: DELOS REYES, JOSE", "performed_by": "username: Admin - adminLastName, adminFirstName"}}, {"model": "logs.logs", "pk": 42, "fields": {"datelog": "2025-03-15", "timelog": "23:53:00", "module": "Patient Information", "action": "Update Medical Record", "performed_to": "Medical Record ID - 22 for Patient ID - P16: PASCUAL, MIGUELLA", "performed_by": "username: Admin - adminLastName, adminFirstName"}}, {"model": "logs.logs", "pk": 43, "fields": {"datelog": "2025-03-15", "timelog": "23:54:00", "module": "Patient Information", "action": "Update Medical Record", "performed_to": "Medical Record ID - 23 for Patient ID - P17: DELOS SANTOS, ANALIZA", "performed_by": "username: Admin - adminLastName, adminFirstName"}}, {"model": "logs.logs", "pk": 44, "fields": {"datelog": "2025-03-15", "timelog": "23:54:00", "module": "Patient Information", "action": "Update Medical Record", "performed_to": "Medical Record ID - 25 for Patient ID - P18: REYES, JOSEFINA", "performed_by": "username: Admin - adminLastName, adminFirstName"}}, {"model": "logs.logs", "pk": 45, "fields": {"datelog": "2025-03-15", "timelog": "23:55:00", "module": "Patient Information", "action": "Update Medical Record", "performed_to": "Medical Record ID - 31 for Patient ID - P24: REYES, ALBERT", "performed_by": "username: Admin - adminLastName, adminFirstName"}}, {"model": "logs.logs", "pk": 46, "fields": {"datelog": "2025-03-15", "timelog": "23:56:00", "module": "Patient Information", "action": "Update Medical Record", "performed_to": "Medical Record ID - 26 for Patient ID - P19: SANTOS, ANNALIE", "performed_by": "username: Admin - adminLastName, adminFirstName"}}, {"model": "logs.logs", "pk": 47, "fields": {"datelog": "2025-03-15", "timelog": "23:56:00", "module": "Patient Information", "action": "Update Medical Record", "performed_to": "Medical Record ID - 27 for Patient ID - P20: AQUINO, ANDREA", "performed_by": "username: Admin - adminLastName, adminFirstName"}}, {"model": "logs.logs", "pk": 48, "fields": {"datelog": "2025-03-15", "timelog": "23:57:00", "module": "Patient Information", "action": "Update Medical Record", "performed_to": "Medical Record ID - 28 for Patient ID - P21: OCAMPO, ISIDRO", "performed_by": "username: Admin - adminLastName, adminFirstName"}}, {"model": "logs.logs", "pk": 49, "fields": {"datelog": "2025-03-15", "timelog": "23:57:00", "module": "Patient Information", "action": "Update Medical Record", "performed_to": "Medical Record ID - 30 for Patient ID - P23: SANTIAGO, GABRIELA", "performed_by": "username: Admin - adminLastName, adminFirstName"}}, {"model": "logs.logs", "pk": 50, "fields": {"datelog": "2025-03-15", "timelog": "23:58:00", "module": "Patient Information", "action": "Update Medical Record", "performed_to": "Medical Record ID - 29 for Patient ID - P22: BAUTISTA, JOANA", "performed_by": "username: Admin - adminLastName, adminFirstName"}}, {"model": "logs.logs", "pk": 51, "fields": {"datelog": "2025-03-16", "timelog": "09:37:00", "module": "Resident Information", "action": "Delete Resident", "performed_to": "Resident ID R102 - Jerdan Gondayao", "performed_by": "username: Admin - adminLastName, adminFirstName"}}, {"model": "logs.logs", "pk": 52, "fields": {"datelog": "2025-03-16", "timelog": "09:38:00", "module": "Resident Information", "action": "Delete Resident", "performed_to": "Resident ID R103 - Jerdan Gondayao", "performed_by": "username: Admin - adminLastName, adminFirstName"}}, {"model": "logs.logs", "pk": 53, "fields": {"datelog": "2025-03-16", "timelog": "09:38:00", "module": "Resident Information", "action": "Delete Resident", "performed_to": "Resident ID R101 - Jerdan Gondayao", "performed_by": "username: Admin - adminLastName, adminFirstName"}}, {"model": "logs.logs", "pk": 54, "fields": {"datelog": "2025-03-16", "timelog": "09:38:00", "module": "Resident Information", "action": "Delete Resident", "performed_to": "Resident ID R105 - Jerdan Gondayao", "performed_by": "username: Admin - adminLastName, adminFirstName"}}, {"model": "logs.logs", "pk": 55, "fields": {"datelog": "2025-03-16", "timelog": "22:07:00", "module": "Medicine Record", "action": "Update Medicine Stock", "performed_to": "Medicine Stock for Medicine ID - 18: AMBROXOL SYRUP", "performed_by": "username: Admin - adminLastName, adminFirstName"}}, {"model": "logs.logs", "pk": 56, "fields": {"datelog": "2025-03-18", "timelog": "23:46:00", "module": "Vital Signs", "action": "Delete Vital Signs Record", "performed_to": "Vital Signs Record ID - 1 for P1: DELOS REYES, JOSE", "performed_by": "username: Admin - adminLastName, adminFirstName"}}, {"model": "logs.logs", "pk": 57, "fields": {"datelog": "2025-03-18", "timelog": "23:46:00", "module": "Vital Signs", "action": "Delete Vital Signs Record", "performed_to": "Vital Signs Record ID - 2 for P1: DELOS REYES, JOSE", "performed_by": "username: Admin - adminLastName, adminFirstName"}}, {"model": "logs.logs", "pk": 58, "fields": {"datelog": "2025-03-18", "timelog": "23:46:00", "module": "Vital Signs", "action": "Delete Vital Signs Record", "performed_to": "Vital Signs Record ID - 3 for P1: DELOS REYES, JOSE", "performed_by": "username: Admin - adminLastName, adminFirstName"}}, {"model": "logs.logs", "pk": 59, "fields": {"datelog": "2025-03-18", "timelog": "23:47:00", "module": "Vital Signs", "action": "Delete Vital Signs Record", "performed_to": "Vital Signs Record ID - 6 for P1: DELOS REYES, JOSE", "performed_by": "username: Admin - adminLastName, adminFirstName"}}, {"model": "logs.logs", "pk": 60, "fields": {"datelog": "2025-03-18", "timelog": "23:47:00", "module": "Vital Signs", "action": "Delete Vital Signs Record", "performed_to": "Vital Signs Record ID - 5 for P1: DELOS REYES, JOSE", "performed_by": "username: Admin - adminLastName, adminFirstName"}}, {"model": "logs.logs", "pk": 61, "fields": {"datelog": "2025-03-18", "timelog": "23:47:00", "module": "Vital Signs", "action": "Delete Vital Signs Record", "performed_to": "Vital Signs Record ID - 4 for P1: DELOS REYES, JOSE", "performed_by": "username: Admin - adminLastName, adminFirstName"}}, {"model": "logs.logs", "pk": 62, "fields": {"datelog": "2025-03-18", "timelog": "23:47:00", "module": "Vital Signs", "action": "Delete Vital Signs Record", "performed_to": "Vital Signs Record ID - 8 for P1: DELOS REYES, JOSE", "performed_by": "username: Admin - adminLastName, adminFirstName"}}, {"model": "logs.logs", "pk": 63, "fields": {"datelog": "2025-03-19", "timelog": "00:16:00", "module": "Vital Signs", "action": "Delete Vital Signs Record", "performed_to": "Vital Signs Record ID - 9 for P1: DELOS REYES, JOSE", "performed_by": "username: Admin - adminLastName, adminFirstName"}}, {"model": "logs.logs", "pk": 64, "fields": {"datelog": "2025-03-19", "timelog": "00:16:00", "module": "Vital Signs", "action": "Delete Vital Signs Record", "performed_to": "Vital Signs Record ID - 7 for P1: DELOS REYES, JOSE", "performed_by": "username: Admin - adminLastName, adminFirstName"}}, {"model": "logs.logs", "pk": 65, "fields": {"datelog": "2025-03-19", "timelog": "00:17:00", "module": "Vital Signs", "action": "Delete Vital Signs Record", "performed_to": "Vital Signs Record ID - 10 for P1: DELOS REYES, JOSE", "performed_by": "username: Admin - adminLastName, adminFirstName"}}, {"model": "logs.logs", "pk": 66, "fields": {"datelog": "2025-03-19", "timelog": "00:57:00", "module": "Present Illness", "action": "Update Present Illness Record", "performed_to": "Present Illness Record ID - 10 for P1: DELOS REYES, JOSE", "performed_by": "username: Admin - adminLastName, adminFirstName"}}, {"model": "logs.logs", "pk": 67, "fields": {"datelog": "2025-03-19", "timelog": "01:43:00", "module": "MedicineTracking", "action": "Delete Medicine Tracking", "performed_to": "Medicine Tracking ID - 32 for P1: DELOS REYES, JOSE (Medicine: AMBROXOL SYRUP)", "performed_by": "username: Admin - adminLastName, adminFirstName"}}, {"model": "logs.logs", "pk": 68, "fields": {"datelog": "2025-03-19", "timelog": "17:09:00", "module": "Patient Information", "action": "Update Patient", "performed_to": "Patient ID - P16: MIGUELLA PASCUAL", "performed_by": "username: Admin - adminLastName, adminFirstName"}}, {"model": "logs.logs", "pk": 69, "fields": {"datelog": "2025-03-19", "timelog": "17:36:00", "module": "Patient Information", "action": "Update Patient", "performed_to": "Patient ID - P1: JOSE DELOS REYES", "performed_by": "username: root - n/a, n/a"}}, {"model": "logs.logs", "pk": 70, "fields": {"datelog": "2025-03-19", "timelog": "17:36:00", "module": "Patient Information", "action": "Update Patient", "performed_to": "Patient ID - P16: MIGUELLA PASCUAL", "performed_by": "username: root - n/a, n/a"}}, {"model": "logs.logs", "pk": 71, "fields": {"datelog": "2025-03-19", "timelog": "17:36:00", "module": "Patient Information", "action": "Update Patient", "performed_to": "Patient ID - P17: ANALIZA DELOS SANTOS", "performed_by": "username: root - n/a, n/a"}}, {"model": "logs.logs", "pk": 72, "fields": {"datelog": "2025-03-19", "timelog": "17:37:00", "module": "Patient Information", "action": "Update Patient", "performed_to": "Patient ID - P18: JOSEFINA REYES", "performed_by": "username: root - n/a, n/a"}}, {"model": "logs.logs", "pk": 73, "fields": {"datelog": "2025-03-19", "timelog": "17:37:00", "module": "Patient Information", "action": "Update Patient", "performed_to": "Patient ID - P24: ALBERT REYES", "performed_by": "username: root - n/a, n/a"}}, {"model": "logs.logs", "pk": 74, "fields": {"datelog": "2025-03-19", "timelog": "17:37:00", "module": "Patient Information", "action": "Update Patient", "performed_to": "Patient ID - P19: ANNALIE SANTOS", "performed_by": "username: root - n/a, n/a"}}, {"model": "logs.logs", "pk": 75, "fields": {"datelog": "2025-03-19", "timelog": "17:37:00", "module": "Patient Information", "action": "Update Patient", "performed_to": "Patient ID - P20: ANDREA AQUINO", "performed_by": "username: root - n/a, n/a"}}, {"model": "logs.logs", "pk": 76, "fields": {"datelog": "2025-03-19", "timelog": "17:37:00", "module": "Patient Information", "action": "Update Patient", "performed_to": "Patient ID - P21: ISIDRO OCAMPO", "performed_by": "username: root - n/a, n/a"}}, {"model": "logs.logs", "pk": 77, "fields": {"datelog": "2025-03-19", "timelog": "17:37:00", "module": "Patient Information", "action": "Update Patient", "performed_to": "Patient ID - P23: GABRIELA SANTIAGO", "performed_by": "username: root - n/a, n/a"}}, {"model": "logs.logs", "pk": 78, "fields": {"datelog": "2025-03-19", "timelog": "17:37:00", "module": "Patient Information", "action": "Update Patient", "performed_to": "Patient ID - P22: JOANA BAUTISTA", "performed_by": "username: root - n/a, n/a"}}, {"model": "auth.permission", "fields": {"name": "Can add log entry", "content_type": ["admin", "logentry"], "codename": "add_logentry"}}, {"model": "auth.permission", "fields": {"name": "Can change log entry", "content_type": ["admin", "logentry"], "codename": "change_logentry"}}, {"model": "auth.permission", "fields": {"name": "Can delete log entry", "content_type": ["admin", "logentry"], "codename": "delete_logentry"}}, {"model": "auth.permission", "fields": {"name": "Can view log entry", "content_type": ["admin", "logentry"], "codename": "view_logentry"}}, {"model": "auth.permission", "fields": {"name": "Can add permission", "content_type": ["auth", "permission"], "codename": "add_permission"}}, {"model": "auth.permission", "fields": {"name": "Can change permission", "content_type": ["auth", "permission"], "codename": "change_permission"}}, {"model": "auth.permission", "fields": {"name": "Can delete permission", "content_type": ["auth", "permission"], "codename": "delete_permission"}}, {"model": "auth.permission", "fields": {"name": "Can view permission", "content_type": ["auth", "permission"], "codename": "view_permission"}}, {"model": "auth.permission", "fields": {"name": "Can add group", "content_type": ["auth", "group"], "codename": "add_group"}}, {"model": "auth.permission", "fields": {"name": "Can change group", "content_type": ["auth", "group"], "codename": "change_group"}}, {"model": "auth.permission", "fields": {"name": "Can delete group", "content_type": ["auth", "group"], "codename": "delete_group"}}, {"model": "auth.permission", "fields": {"name": "Can view group", "content_type": ["auth", "group"], "codename": "view_group"}}, {"model": "auth.permission", "fields": {"name": "Can add user", "content_type": ["auth", "user"], "codename": "add_user"}}, {"model": "auth.permission", "fields": {"name": "Can change user", "content_type": ["auth", "user"], "codename": "change_user"}}, {"model": "auth.permission", "fields": {"name": "Can delete user", "content_type": ["auth", "user"], "codename": "delete_user"}}, {"model": "auth.permission", "fields": {"name": "Can view user", "content_type": ["auth", "user"], "codename": "view_user"}}, {"model": "auth.permission", "fields": {"name": "Can add content type", "content_type": ["contenttypes", "contenttype"], "codename": "add_contenttype"}}, {"model": "auth.permission", "fields": {"name": "Can change content type", "content_type": ["contenttypes", "contenttype"], "codename": "change_contenttype"}}, {"model": "auth.permission", "fields": {"name": "Can delete content type", "content_type": ["contenttypes", "contenttype"], "codename": "delete_contenttype"}}, {"model": "auth.permission", "fields": {"name": "Can view content type", "content_type": ["contenttypes", "contenttype"], "codename": "view_contenttype"}}, {"model": "auth.permission", "fields": {"name": "Can add session", "content_type": ["sessions", "session"], "codename": "add_session"}}, {"model": "auth.permission", "fields": {"name": "Can change session", "content_type": ["sessions", "session"], "codename": "change_session"}}, {"model": "auth.permission", "fields": {"name": "Can delete session", "content_type": ["sessions", "session"], "codename": "delete_session"}}, {"model": "auth.permission", "fields": {"name": "Can view session", "content_type": ["sessions", "session"], "codename": "view_session"}}, {"model": "auth.permission", "fields": {"name": "Can add user profile", "content_type": ["users", "userprofile"], "codename": "add_userprofile"}}, {"model": "auth.permission", "fields": {"name": "Can change user profile", "content_type": ["users", "userprofile"], "codename": "change_userprofile"}}, {"model": "auth.permission", "fields": {"name": "Can delete user profile", "content_type": ["users", "userprofile"], "codename": "delete_userprofile"}}, {"model": "auth.permission", "fields": {"name": "Can view user profile", "content_type": ["users", "userprofile"], "codename": "view_userprofile"}}, {"model": "auth.permission", "fields": {"name": "Can add resident", "content_type": ["residentInfo", "resident"], "codename": "add_resident"}}, {"model": "auth.permission", "fields": {"name": "Can change resident", "content_type": ["residentInfo", "resident"], "codename": "change_resident"}}, {"model": "auth.permission", "fields": {"name": "Can delete resident", "content_type": ["residentInfo", "resident"], "codename": "delete_resident"}}, {"model": "auth.permission", "fields": {"name": "Can view resident", "content_type": ["residentInfo", "resident"], "codename": "view_resident"}}, {"model": "auth.permission", "fields": {"name": "Can add family", "content_type": ["residentInfo", "family"], "codename": "add_family"}}, {"model": "auth.permission", "fields": {"name": "Can change family", "content_type": ["residentInfo", "family"], "codename": "change_family"}}, {"model": "auth.permission", "fields": {"name": "Can delete family", "content_type": ["residentInfo", "family"], "codename": "delete_family"}}, {"model": "auth.permission", "fields": {"name": "Can view family", "content_type": ["residentInfo", "family"], "codename": "view_family"}}, {"model": "auth.permission", "fields": {"name": "Can add past medical history", "content_type": ["patientInfo", "pastmedicalhistory"], "codename": "add_pastmedicalhistory"}}, {"model": "auth.permission", "fields": {"name": "Can change past medical history", "content_type": ["patientInfo", "pastmedicalhistory"], "codename": "change_pastmedicalhistory"}}, {"model": "auth.permission", "fields": {"name": "Can delete past medical history", "content_type": ["patientInfo", "pastmedicalhistory"], "codename": "delete_pastmedicalhistory"}}, {"model": "auth.permission", "fields": {"name": "Can view past medical history", "content_type": ["patientInfo", "pastmedicalhistory"], "codename": "view_pastmedicalhistory"}}, {"model": "auth.permission", "fields": {"name": "Can add vaccination", "content_type": ["patientInfo", "vaccination"], "codename": "add_vaccination"}}, {"model": "auth.permission", "fields": {"name": "Can change vaccination", "content_type": ["patientInfo", "vaccination"], "codename": "change_vaccination"}}, {"model": "auth.permission", "fields": {"name": "Can delete vaccination", "content_type": ["patientInfo", "vaccination"], "codename": "delete_vaccination"}}, {"model": "auth.permission", "fields": {"name": "Can view vaccination", "content_type": ["patientInfo", "vaccination"], "codename": "view_vaccination"}}, {"model": "auth.permission", "fields": {"name": "Can add vital signs", "content_type": ["patientInfo", "vitalsigns"], "codename": "add_vitalsigns"}}, {"model": "auth.permission", "fields": {"name": "Can change vital signs", "content_type": ["patientInfo", "vitalsigns"], "codename": "change_vitalsigns"}}, {"model": "auth.permission", "fields": {"name": "Can delete vital signs", "content_type": ["patientInfo", "vitalsigns"], "codename": "delete_vitalsigns"}}, {"model": "auth.permission", "fields": {"name": "Can view vital signs", "content_type": ["patientInfo", "vitalsigns"], "codename": "view_vitalsigns"}}, {"model": "auth.permission", "fields": {"name": "Can add patient", "content_type": ["patientInfo", "patient"], "codename": "add_patient"}}, {"model": "auth.permission", "fields": {"name": "Can change patient", "content_type": ["patientInfo", "patient"], "codename": "change_patient"}}, {"model": "auth.permission", "fields": {"name": "Can delete patient", "content_type": ["patientInfo", "patient"], "codename": "delete_patient"}}, {"model": "auth.permission", "fields": {"name": "Can view patient", "content_type": ["patientInfo", "patient"], "codename": "view_patient"}}, {"model": "auth.permission", "fields": {"name": "Can add present illness", "content_type": ["patientInfo", "presentillness"], "codename": "add_presentillness"}}, {"model": "auth.permission", "fields": {"name": "Can change present illness", "content_type": ["patientInfo", "presentillness"], "codename": "change_presentillness"}}, {"model": "auth.permission", "fields": {"name": "Can delete present illness", "content_type": ["patientInfo", "presentillness"], "codename": "delete_presentillness"}}, {"model": "auth.permission", "fields": {"name": "Can view present illness", "content_type": ["patientInfo", "presentillness"], "codename": "view_presentillness"}}, {"model": "auth.permission", "fields": {"name": "Can add medical record", "content_type": ["patientInfo", "medicalrecord"], "codename": "add_medicalrecord"}}, {"model": "auth.permission", "fields": {"name": "Can change medical record", "content_type": ["patientInfo", "medicalrecord"], "codename": "change_medicalrecord"}}, {"model": "auth.permission", "fields": {"name": "Can delete medical record", "content_type": ["patientInfo", "medicalrecord"], "codename": "delete_medicalrecord"}}, {"model": "auth.permission", "fields": {"name": "Can view medical record", "content_type": ["patientInfo", "medicalrecord"], "codename": "view_medicalrecord"}}, {"model": "auth.permission", "fields": {"name": "Can add medicine tracking", "content_type": ["patientInfo", "medicinetracking"], "codename": "add_medicinetracking"}}, {"model": "auth.permission", "fields": {"name": "Can change medicine tracking", "content_type": ["patientInfo", "medicinetracking"], "codename": "change_medicinetracking"}}, {"model": "auth.permission", "fields": {"name": "Can delete medicine tracking", "content_type": ["patientInfo", "medicinetracking"], "codename": "delete_medicinetracking"}}, {"model": "auth.permission", "fields": {"name": "Can view medicine tracking", "content_type": ["patientInfo", "medicinetracking"], "codename": "view_medicinetracking"}}, {"model": "auth.permission", "fields": {"name": "Can add medicine", "content_type": ["medicineMonitoring", "medicine"], "codename": "add_medicine"}}, {"model": "auth.permission", "fields": {"name": "Can change medicine", "content_type": ["medicineMonitoring", "medicine"], "codename": "change_medicine"}}, {"model": "auth.permission", "fields": {"name": "Can delete medicine", "content_type": ["medicineMonitoring", "medicine"], "codename": "delete_medicine"}}, {"model": "auth.permission", "fields": {"name": "Can view medicine", "content_type": ["medicineMonitoring", "medicine"], "codename": "view_medicine"}}, {"model": "auth.permission", "fields": {"name": "Can add medicine stock", "content_type": ["medicineMonitoring", "medicinestock"], "codename": "add_medicinestock"}}, {"model": "auth.permission", "fields": {"name": "Can change medicine stock", "content_type": ["medicineMonitoring", "medicinestock"], "codename": "change_medicinestock"}}, {"model": "auth.permission", "fields": {"name": "Can delete medicine stock", "content_type": ["medicineMonitoring", "medicinestock"], "codename": "delete_medicinestock"}}, {"model": "auth.permission", "fields": {"name": "Can view medicine stock", "content_type": ["medicineMonitoring", "medicinestock"], "codename": "view_medicinestock"}}, {"model": "auth.permission", "fields": {"name": "Can add scheduled checkup", "content_type": ["scheduledcheckup", "scheduledcheckup"], "codename": "add_scheduledcheckup"}}, {"model": "auth.permission", "fields": {"name": "Can change scheduled checkup", "content_type": ["scheduledcheckup", "scheduledcheckup"], "codename": "change_scheduledcheckup"}}, {"model": "auth.permission", "fields": {"name": "Can delete scheduled checkup", "content_type": ["scheduledcheckup", "scheduledcheckup"], "codename": "delete_scheduledcheckup"}}, {"model": "auth.permission", "fields": {"name": "Can view scheduled checkup", "content_type": ["scheduledcheckup", "scheduledcheckup"], "codename": "view_scheduledcheckup"}}, {"model": "auth.permission", "fields": {"name": "Can add logs", "content_type": ["logs", "logs"], "codename": "add_logs"}}, {"model": "auth.permission", "fields": {"name": "Can change logs", "content_type": ["logs", "logs"], "codename": "change_logs"}}, {"model": "auth.permission", "fields": {"name": "Can delete logs", "content_type": ["logs", "logs"], "codename": "delete_logs"}}, {"model": "auth.permission", "fields": {"name": "Can view logs", "content_type": ["logs", "logs"], "codename": "view_logs"}}, {"model": "auth.permission", "fields": {"name": "Can add vital signs record", "content_type": ["patientInfo", "vitalsignsrecord"], "codename": "add_vitalsignsrecord"}}, {"model": "auth.permission", "fields": {"name": "Can change vital signs record", "content_type": ["patientInfo", "vitalsignsrecord"], "codename": "change_vitalsignsrecord"}}, {"model": "auth.permission", "fields": {"name": "Can delete vital signs record", "content_type": ["patientInfo", "vitalsignsrecord"], "codename": "delete_vitalsignsrecord"}}, {"model": "auth.permission", "fields": {"name": "Can view vital signs record", "content_type": ["patientInfo", "vitalsignsrecord"], "codename": "view_vitalsignsrecord"}}, {"model": "auth.user", "fields": {"password": "pbkdf2_sha256$870000$UbWuawSMRqkw0HYP6NTsgj$U731gR/HlWTOkmKfdP4gBANi5iS+cX8vd2LECmCn+b8=", "last_login": "2025-03-15T13:39:36.074Z", "is_superuser": true, "username": "Admin", "first_name": "adminFirstName", "last_name": "adminLastName", "email": "admin@gmail.com", "is_staff": true, "is_active": true, "date_joined": "2025-03-09T00:01:39.215Z", "groups": [], "user_permissions": []}}, {"model": "auth.user", "fields": {"password": "pbkdf2_sha256$870000$rrTYtHhgOalNDAzyaHrB9u$g4uQN3ovb7FwaSEN231RgiFB9tE/TDbUy7v0cHyyBys=", "last_login": "2025-03-09T02:02:24.982Z", "is_superuser": false, "username": "Doctor", "first_name": "doctorFirstName", "last_name": "doctorLastName", "email": "doctor@gmail.com", "is_staff": false, "is_active": true, "date_joined": "2025-03-09T00:02:18.366Z", "groups": [], "user_permissions": []}}, {"model": "auth.user", "fields": {"password": "pbkdf2_sha256$870000$2j8NO1oFIbKiKD0chrjyZn$rTUyS0feWKVomVKxZa2YJiOnKhxT/y4qgWozE8cyISc=", "last_login": "2025-03-15T16:07:11.183Z", "is_superuser": false, "username": "BarangayStaff", "first_name": "brgyStaffFirstName", "last_name": "brgyStaffLastName", "email": "brgyStaff@gmail.com", "is_staff": false, "is_active": true, "date_joined": "2025-03-09T00:03:30.664Z", "groups": [], "user_permissions": []}}, {"model": "auth.user", "fields": {"password": "pbkdf2_sha256$870000$D2Bm8iUyf8SUeZ2bIMFn2b$i83BnhjdhiRdeOUJVISbidB/io13DFSSadNhOBie9Dk=", "last_login": "2025-03-19T09:17:32.741Z", "is_superuser": true, "username": "root", "first_name": "n/a", "last_name": "n/a", "email": "root@gmail.com", "is_staff": true, "is_active": true, "date_joined": "2025-03-09T00:12:01.372Z", "groups": [], "user_permissions": []}}, {"model": "auth.user", "fields": {"password": "pbkdf2_sha256$870000$QVgH8muIiom4cU5lxjPcy6$0ssq3FeTPc2/XxETM3s3UJIXIe3hubxkX8sGNyHlpeI=", "last_login": "2025-03-15T16:07:35.154Z", "is_superuser": false, "username": "bhw", "first_name": "bhwFirstName", "last_name": "bhwLastName", "email": "bhw@gmail.com", "is_staff": false, "is_active": true, "date_joined": "2025-03-09T00:13:15.115Z", "groups": [], "user_permissions": []}}, {"model": "users.userprofile", "pk": 18, "fields": {"user": ["Admin"], "userrole": "ADMIN", "status": "ACTIVE", "created_by": null}}, {"model": "users.userprofile", "pk": 19, "fields": {"user": ["Doctor"], "userrole": "DOCTOR", "status": "ACTIVE", "created_by": null}}, {"model": "users.userprofile", "pk": 20, "fields": {"user": ["BarangayStaff"], "userrole": "BRGY-STAFF", "status": "ACTIVE", "created_by": null}}, {"model": "users.userprofile", "pk": 23, "fields": {"user": ["root"], "userrole": "ADMIN", "status": "ACTIVE", "created_by": ["Admin"]}}, {"model": "users.userprofile", "pk": 24, "fields": {"user": ["bhw"], "userrole": "BHW", "status": "ACTIVE", "created_by": ["Admin"]}}, {"model": "admin.logentry", "pk": 21, "fields": {"action_time": "2025-03-09T00:10:35.967Z", "user": ["Admin"], "content_type": ["auth", "user"], "object_id": "4", "object_repr": "Jerdan", "action_flag": 3, "change_message": ""}}, {"model": "admin.logentry", "pk": 22, "fields": {"action_time": "2025-03-09T00:10:35.967Z", "user": ["Admin"], "content_type": ["auth", "user"], "object_id": "1", "object_repr": "root", "action_flag": 3, "change_message": ""}}]